Ticker;SimFinId;"Company Name";IndustryId
FOX_old;242;"21st Century Fox";103001
ADBE;14099;"Adobe Systems";101003
BRID;33021;"BRIDGFORD FOODS CORP";102002
NWY;33184;"New York & Company, Inc.";103002
AMSC;33387;"AMERICAN SUPERCONDUCTOR CORP /DE/";101001
ACAT;33956;"ARCTIC CAT INC";103005
VRTU;34429;"VIRTUSA CORP";101003
APIC;34899;"Apigee Corp";101003
LABL;35331;"MULTI COLOR Corp";100002
ENS;35886;EnerSys;101001
EGHT;36662;"8X8 INC /DE/";101003
CBRL;37621;"CRACKER BARREL OLD COUNTRY STORE, INC";103003
CPRI;38287;"Capri Holdings Ltd";103004
JOY;39382;"JOY GLOBAL INC";100009
BOOT;39510;"Boot Barn Holdings, Inc.";103002
SHOS;39593;"SEARS HOMETOWN & OUTLET STORES, INC.";109001
PLAB;39856;"PHOTRONICS INC";101004
JVA;40037;"COFFEE HOLDING CO INC";102002
PSTG;40474;"Pure Storage, Inc.";101001
AXON;41996;"Axovant Sciences Ltd.";106002
SSI;42463;"STAGE STORES INC";103002
CST;42704;"CST BRANDS, INC.";102001
TESS;42813;"TESSCO TECHNOLOGIES INC";101005
COVS;43077;"Covisint Corp";101003
THO;43246;"THOR INDUSTRIES INC";103005
MLAB;43619;"MESA LABORATORIES INC /CO";101001
GME;44534;"GameStop Corp.";103002
PLAY;44636;"Dave & Buster's Entertainment, Inc.";103003
SMRT;45048;"STEIN MART INC";103002
ZUMZ;45730;"Zumiez Inc";103002
A;45846;"AGILENT TECHNOLOGIES INC";106001
LAYN;45965;"LAYNE CHRISTENSEN CO";100003
PVH;46764;"PVH CORP. /DE/";103004
URBN;46954;"URBAN OUTFITTERS INC";103002
HPE;47023;"Hewlett Packard Enterprise Co";101005
BOX;47121;"BOX INC";101003
DVMT;47385;"Denali Holding Inc.";101003
KKD;47513;"KRISPY KREME DOUGHNUTS INC";103003
GSIT;48159;"GSI TECHNOLOGY INC";101004
CMTL;48404;"COMTECH TELECOMMUNICATIONS CORP /DE/";101005
CAL;49132;"CALERES INC";103004
CSWI;49347;"CSW INDUSTRIALS, INC.";100001
BIG;49609;"BIG LOTS INC";102001
CIEN;49697;"CIENA CORP";101005
VRA;49797;"Vera Bradley, Inc.";103004
NMBL;50051;"Nimble Storage Inc";
DLTH;50213;"DULUTH HOLDINGS INC.";103002
ENZ;50379;"ENZO BIOCHEM INC";106001
MIK;50465;"Michaels Companies, Inc.";103002
DCI;50564;"DONALDSON CO INC";100001
ARRY;50863;"ARRAY BIOPHARMA INC";106002
EXPR;50957;"EXPRESS, INC.";103002
KMG;51451;"KMG CHEMICALS INC";110001
Fred;51800;"FREDS INC";102001
GCO;51883;"GENESCO INC";103002
CPST;51961;"CAPSTONE TURBINE Corp";100001
UNFI;52168;"UNITED NATURAL FOODS INC";102001
CMD;52478;"CANTEL MEDICAL CORP";106003
HQY;52958;"HEALTHEQUITY INC";101003
ONVO;53151;"ORGANOVO HOLDINGS, INC.";106001
SYUT;53873;"Synutra International, Inc.";
RAX;53986;"RACKSPACE HOSTING, INC.";108001
VIRC;54439;"VIRCO MFG CORPORATION";100001
SAIC;54785;"Science Applications International Corp";101003
MGCD;55248;"MGC DIAGNOSTICS Corp";106004
EEI;55609;"ECOLOGY & ENVIRONMENT INC";100004
CLC;57096;"CLARCOR INC.";100001
AZO;58197;"AUTOZONE INC";103002
DELL;59180;"Dell Technologies Inc.";101001
TRNS;60740;"TRANSCAT INC";101001
MU;60906;"MICRON TECHNOLOGY INC";101004
AGN;61474;"Allergan plc";106005
AYI;61705;"ACUITY BRANDS INC";101001
AET;62217;"AETNA INC /PA/";106006
LZB;63005;"LA-Z-BOY INC";103004
Fuel;63100;"Rocket Fuel Inc.";103011
MEI;64377;"METHODE ELECTRONICS INC";101001
HLI;65213;"HOULIHAN LOKEY, INC.";104003
WSCI;65297;"WSI INDUSTRIES, INC.";100001
ALK;65470;"ALASKA AIR GROUP, INC.";100006
ADI;65917;"ANALOG DEVICES INC";101004
AMAT;67102;"APPLIED MATERIALS INC /DE";101004
APC;67564;"ANADARKO PETROLEUM CORP";107002
BBY;71192;"BEST BUY CO INC";103002
BCR;71733;"BARD C R INC /NJ/";106003
TGT;72458;"TARGET CORP";102001
ASNB;72924;"AdvanSource Biomaterials Corp";106002
MDT;73420;"Medtronic plc";106004
TPCS;74307;"TECHPRECISION CORP";
AVAV;75856;"AeroVironment Inc";100008
JBL;79450;"JABIL CIRCUIT INC";101001
MON;79638;Monsanto;110003
DTRM;80268;"DETERMINE, INC.";101003
QLGC;80382;"QLOGIC CORP";101001
DG;80798;"DOLLAR GENERAL CORP";102001
CSCO;82202;"CISCO SYSTEMS, INC.";101005
BOJA;82963;"Bojangles', Inc.";103003
VMW;83200;"VMWARE, INC.";101003
CRM;85017;"SALESFORCE COM INC";101003
SNAK;86600;"INVENTURE FOODS, INC.";102002
SWY;86808;"SAFEWAY INC";102001
GBX;87143;"GREENBRIER COMPANIES INC";100010
WBA;87466;"Walgreens Boots Alliance, Inc.";102001
MSM;87559;"MSC INDUSTRIAL DIRECT CO INC";100005
PPSI;88673;"PIONEER POWER SOLUTIONS, INC.";101001
ATU;89259;"ACTUANT CORP";100001
EBF;90209;"ENNIS, INC.";100001
LULU;90670;"lululemon athletica inc.";103002
WFM;90839;"WHOLE FOODS MARKET INC";103002
FDS;91248;"FACTSET RESEARCH SYSTEMS INC";104003
HELE;91621;"HELEN OF TROY LTD";102002
ARO;93605;"AEROPOSTALE INC";103002
LEDS;93692;"SemiLEDs Corp";101004
RHT;94011;"RED HAT INC";101003
PRTX;95453;"PROTALEX INC";106002
WINH;97546;"WINHA INTERNATIONAL GROUP LTD";
PPHM;97638;"PEREGRINE PHARMACEUTICALS INC";106002
MYCC;97729;"ClubCorp Holdings, Inc.";103015
KLXI;98588;"KLX Inc.";100008
CALD;100006;"CALLIDUS SOFTWARE INC";101003
SHLD;100266;"SEARS HOLDINGS CORP";103002
CBM;100602;"CAMBREX CORP";106002
CBK;100810;"CHRISTOPHER & BANKS CORP";103002
OLLI;102057;"Ollie's Bargain Outlet Holdings, Inc.";102001
MIXX;103135;"MIX 1 LIFE, INC.";
ESRX;107733;"Express Scripts Holding Co.";106006
AGI;111482;"Affinion Group, Inc.";110004
CBI;111879;"CHICAGO BRIDGE & IRON CO N V";100003
SXC;112269;"SunCoke Energy Partners, L.P.";110006
HOT;113871;"STARWOOD HOTEL & RESORTS WORLDWIDE, INC";103015
SPNC;114601;"SPECTRANETICS CORP";106004
ESI;114707;"ITT EDUCATIONAL SERVICES INC";
SFS;114802;"Smart & Final Stores, Inc.";102001
CHSP;115723;"Chesapeake Lodging Trust";109001
WCIC;116367;"WCI Communities, Inc.";
FLEX;116586;"FLEXTRONICS INTERNATIONAL LTD.";101001
HLS;117690;"HEALTHSOUTH CORP";106011
ADPT;118952;"Adeptus Health Inc.";106002
TWX;121635;"TIME WARNER INC.";103001
CSU;122647;"CAPITAL SENIOR LIVING CORP";106011
NFX;123505;"NEWFIELD EXPLORATION CO /DE/";107002
DNB;125293;"DUN & BRADSTREET CORP/NW";100002
SGM;126240;"STONEGATE MORTGAGE CORP";
IBKC;129297;"IBERIABANK CORP";104002
SEV;129956;"SEVCON, INC.";101004
IMPV;131347;"IMPERVA INC";101003
SHPGF;132453;"Shire plc";106005
GUID;132676;"Guidance Software, Inc.";101003
OZRK;135823;"BANK OF THE OZARKS INC";104002
BID;136608;SOTHEBYS;103002
ASH;136913;"ASHLAND INC.";110001
SQBG;137237;"Sequential Brands Group, Inc.";103004
NATL;138792;"National Interstate CORP";
SOHU;138944;"SOHU COM INC";101002
ALR;139220;"ALERE INC.";106001
RATE;140381;"Bankrate, Inc.";101002
TESO;141183;"TESCO CORP";107004
ITG;142922;"INVESTMENT TECHNOLOGY GROUP, INC.";104003
SRT;144111;"StarTek, Inc.";100002
CALL;144735;"MAGICJACK VOCALTEC LTD";108001
CNXR;145641;"CONNECTURE INC";106006
EVH;146041;"Evolent Health, Inc.";101003
COTV;146741;"Cotiviti Holdings, Inc.";101003
LOV;147014;"SPARK NETWORKS INC";101002
FCS;147401;"FAIRCHILD SEMICONDUCTOR INTERNATIONAL INC";101004
BSTG;148380;"Biostage, Inc.";106002
IAIC;149465;"INFORMATION ANALYSIS INC";
ISSC;153113;"INNOVATIVE SOLUTIONS & SUPPORT INC";100008
CAGU;154936;"CASTLE GROUP INC";109002
AFI;155205;"Armstrong Flooring, Inc.";110005
PROM;156801;"Propel Media, Inc.";
DDE;157094;"DOVER DOWNS GAMING & ENTERTAINMENT INC";103015
VSTO;158610;"Vista Outdoor Inc.";103015
ABMC;160965;"AMERICAN BIO MEDICA CORP";106002
ICPW;161289;"IRONCLAD PERFORMANCE WEAR CORP";100001
HPJ;163221;"Highpower International, Inc.";101001
SPAN;164268;"SPAN AMERICA MEDICAL SYSTEMS INC";106003
SPLS;166539;"STAPLES INC";103002
AIRI;166965;"AIR INDUSTRIES GROUP";100008
TMED;169714;"TRIMEDYNE INC";
RGS;171506;"REGIS CORP";103020
NVDA;172199;"NVIDIA CORP";101004
LTRX;172507;"LANTRONIX INC";101005
AEO;173396;"AMERICAN EAGLE OUTFITTERS INC";103002
AOSL;175314;"ALPHA & OMEGA SEMICONDUCTOR Ltd";101004
SMCI;175410;"Super Micro Computer, Inc.";101005
DEST;175862;"Destination Maternity Corp";103002
LRDC;176863;"Laredo Oil, Inc.";
SCSC;177685;"SCANSOURCE INC";101001
LLTC;178219;"LINEAR TECHNOLOGY CORP /CA/";101004
DXLG;178401;"DESTINATION XL GROUP, INC.";103002
ULTA;178804;"Ulta Salon, Cosmetics & Fragrance, Inc.";103002
BURL;179036;"Burlington Stores, Inc.";102001
DKS;179423;"DICKS SPORTING GOODS INC";103002
MENT;181078;"MENTOR GRAPHICS CORP";101003
GES;181484;"GUESS INC";103002
TTC;181580;"TORO CO";100001
TECD;181744;"TECH DATA CORP";101001
MTRX;182638;"MATRIX SERVICE CO";107004
INTU;183557;"INTUIT INC";101003
GIII;183672;"G III APPAREL GROUP LTD /DE/";103004
NTAP;183964;"NetApp, Inc.";101001
HPQ;184360;"HP INC";101001
JWN;184768;"NORDSTROM INC";103002
ADSK;185035;"AUTODESK INC";101003
M;185124;"Macy's, Inc.";103002
SMTC;185350;"SEMTECH CORP";101004
BFB;185450;"BROWN FORMAN CORP";102004
SIG;185651;"SIGNET JEWELERS LTD";103002
OXM;185852;"OXFORD INDUSTRIES INC";103004
LB;185942;"L Brands, Inc.";103002
low;186050;"LOWES COMPANIES INC";103002
KSS;186130;"KOHLS Corp";103002
KEYS;186556;"Keysight Technologies, Inc.";101001
EXTR;187330;"EXTREME NETWORKS INC";101005
NDSN;188156;"NORDSON CORP";100001
KIRK;188255;"KIRKLAND'S, INC";103002
HURC;188434;"HURCO COMPANIES INC";101001
SCG;190587;"SCANA CORP";105001
DUK;191249;"Duke Energy CORP";105001
ACET;191612;"ACETO CORP";106005
PDCO;196179;"PATTERSON COMPANIES, INC.";106014
BKE;196385;"BUCKLE INC";103002
AMSWA;196458;"AMERICAN SOFTWARE INC";101003
TWMC;197548;"TRANS WORLD ENTERTAINMENT CORP";103002
MRVL;198029;"MARVELL TECHNOLOGY GROUP LTD";101004
GMAN;198131;"Gordmans Stores, Inc.";
MIND;198210;"MITCHAM INDUSTRIES INC";101001
VNCE;198318;"VINCE HOLDING CORP.";103004
WSM;198669;"WILLIAMS SONOMA INC";103002
NSSC;198892;"NAPCO SECURITY TECHNOLOGIES, INC";100007
FNSR;198959;"FINISAR CORP";101005
VEEV;199530;"VEEVA SYSTEMS INC";101003
ABM;199984;"ABM INDUSTRIES INC /DE/";100002
ROST;200092;"ROSS STORES INC";103002
EV;200412;"EATON VANCE CORP";104001
BONT;200557;"BON TON STORES INC";103002
TOL;200636;"TOLL BROTHERS INC";103013
VAL;200824;"VALSPAR CORP";
SCWX;201339;"SecureWorks Corp";101003
PSTI;201828;"PLURISTEM THERAPEUTICS INC";106002
SCVL;201975;"SHOE CARNIVAL INC";103002
SIGM;202034;"SIGMA DESIGNS INC";101004
STRT;202406;"STRATTEC SECURITY CORP";103005
SNOW;203144;"Intrawest Resorts Holdings, Inc.";
VISI;207946;"VOLT INFORMATION SCIENCES, INC.";100011
MCFT;208137;"MCBC Holdings, Inc.";103005
PPIH;209037;"MFRI INC";100001
PERF;209149;"Perfumania Holdings, Inc.";103002
AEPI;210001;"AEP INDUSTRIES INC";103018
PSSR;210051;"PASSUR Aerospace, Inc.";100008
PRXL;210352;"PAREXEL INTERNATIONAL CORP";106001
PRCP;210612;"PERCEPTRON INC/MI";101001
HDS;218138;"HD Supply Holdings, Inc.";100005
CSC;218339;"COMPUTER SCIENCES CORP";100002
SCX;218861;"STARRETT L S CO";100001
ESP;230667;"ESPEY MFG & ELECTRONICS CORP";101001
CONN;230908;"CONNS INC";103002
SHOR;231330;"ShoreTel Inc";101005
OCC;232540;"OPTICAL CABLE CORP";101005
EGAN;233349;"EGAIN Corp";101003
MMMB;233893;"MamaMancini's Holdings, Inc.";
USAT;234192;"USA TECHNOLOGIES INC";101003
WMT;239962;"Walmart Inc";102001
CHKE;240259;"CHEROKEE INC";103002
RFIL;241093;"R F INDUSTRIES LTD";101001
LAKE;243284;"LAKELAND INDUSTRIES INC";106003
PIR;244053;"PIER 1 IMPORTS INC/DE";103002
BMRA;245138;"BIOMERICA INC";106003
PDEX;246198;"PRO DEX INC";106003
SANW;246310;"S&W Seed Co";102002
BRC;246429;"BRADY CORP";100007
LPTH;246855;"LIGHTPATH TECHNOLOGIES INC";101001
FLWS;247341;"1 800 FLOWERS COM INC";103002
XCRA;247530;"Xcerra Corp";101004
IEHC;248180;"IEH CORPORATION";101001
FLXS;248318;"FLEXSTEEL INDUSTRIES INC";103004
CPB;249099;"CAMPBELL SOUP CO";102002
TIF;249289;"TIFFANY & CO";103002
AGYS;249502;"AGILYSYS INC";101003
IDSY;250487;"ID SYSTEMS INC";101005
MOV;250875;"MOVADO GROUP INC";103002
GPS;250974;"GAP INC";103002
MKC;251282;"MCCORMICK & CO INC";102002
UNAM;251597;"UNICO AMERICAN CORP";104006
RDC;252069;"ROWAN COMPANIES PLC";107006
DY;252287;"DYCOM INDUSTRIES INC";100003
BGG;252726;"BRIGGS & STRATTON CORP";100001
SJM;254348;"J M SMUCKER Co";102002
BRS;255858;"Bristow Group Inc";107004
CRWS;256343;"CROWN CRAFTS INC";103004
TJX;256569;"TJX COMPANIES INC /DE/";103002
SFD;256896;"SMITHFIELD FOODS INC";
PHH;257104;"PHH CORP";104002
NAII;257524;"NATURAL ALTERNATIVES INTERNATIONAL INC";102002
SINO;257712;"Sino-Global Shipping America, Ltd.";100010
YHOO;257807;"YAHOO INC";108001
EVI;258455;"EnviroStar, Inc.";103020
KOOL;258731;"CESCA THERAPEUTICS INC.";106004
AMRK;259435;"A-Mark Precious Metals, Inc.";104003
CBKM;259775;"CONSUMERS BANCORP INC /OH/";
BRCM;261267;"BROADCOM CORP";101004
EMC;261451;"EMC CORP";101001
CA;262416;"CA, INC.";101003
AHPI;262963;"ALLIED HEALTHCARE PRODUCTS INC";106004
MTN;264322;"VAIL RESORTS INC";103015
LCUT;276271;"LIFETIME BRANDS, INC";103004
EGLT;286194;"Egalet Corp";106002
DYNT;286288;"DYNATRONICS CORP";106004
FKWL;286530;"FRANKLIN WIRELESS CORP";101005
CPRT;287342;"COPART INC";103005
BWLA;287640;"BOWL AMERICA INC";103001
TRT;288723;"TRIO-TECH INTERNATIONAL";101004
KMX;327637;"CARMAX INC";103005
AXN;329205;"AOXING PHARMACEUTICAL COMPANY, INC.";106005
RT;330525;"RUBY TUESDAY INC";103003
INFO;330628;"IHS Markit Ltd.";100002
RL;331016;"RALPH LAUREN CORP";103004
SCND;331831;"SCIENTIFIC INDUSTRIES INC";101001
SMIT;332324;"SCHMITT INDUSTRIES INC";101001
VLGEA;333215;"VILLAGE SUPER MARKET INC";102001
MCHP;333440;"MICROCHIP TECHNOLOGY INC";101004
PRGO;334568;"PERRIGO CO";106005
STI;335922;"SUNTRUST BANKS INC";104002
RAI;336424;"REYNOLDS AMERICAN INC";102003
VAC;340222;"MARRIOTT VACATIONS WORLDWIDE Corp";103015
PVHO;340334;"Provision Holding, Inc.";
IMSCQ;340525;"IMPLANT SCIENCES CORP";
SONC;343236;"SONIC CORP";103003
ALJ;344561;"Alon USA Energy, Inc.";107001
TYPE;344785;"Monotype Imaging Holdings Inc.";101003
INFN;346530;"INFINERA CORP";101005
HDSN;346795;"HUDSON TECHNOLOGIES INC /NY";100001
NTRI;346874;"NUTRI SYSTEM INC /DE/";103020
DPLO;349954;"Diplomat Pharmacy, Inc.";106005
KTWO;350257;"K2M GROUP HOLDINGS, INC.";106004
IRG;350449;"Ignite Restaurant Group, Inc.";
BBRG;350647;"Bravo Brio Restaurant Group, Inc.";103003
EFH;352819;"Energy Future Holdings Corp /TX/";
ACT;353702;"Actavis, Inc.";106002
RTN;354596;"RAYTHEON CO/";100008
ISIL;355428;"INTERSIL CORP/DE";101004
QCP;356195;"QUALITY CARE PROPERTIES, INC.";109001
SPB;357600;"Spectrum Brands Holdings, Inc.";103004
NUTR;357986;"NUTRACEUTICAL INTERNATIONAL CORP";102002
ABCD;358762;"CAMBIUM LEARNING GROUP, INC.";102006
WAIR;359379;"Wesco Aircraft Holdings, Inc";100005
WRK;359889;"WestRock Co";103018
JCI;360440;"JOHNSON CONTROLS INC";110005
TFSL;360767;"TFS Financial CORP";104002
MSCC;361632;"MICROSEMI CORP";101004
FLUG;362943;"FLURIDA GROUP INC";
TSSI;363007;"TSS, Inc.";104007
JMBA;365536;"JAMBA, INC.";103003
COHR;365654;"COHERENT INC";101001
KTEC;368599;"KEY TECHNOLOGY INC";100001
INFU;371010;"InfuSystem Holdings, Inc";106003
ZEDG;372279;"Zedge, Inc.";101003
TTWO;372538;"TAKE TWO INTERACTIVE SOFTWARE INC";101003
EA;372651;"ELECTRONIC ARTS INC.";101003
DE;373449;"DEERE & CO";100009
ULTI;373736;"ULTIMATE SOFTWARE GROUP INC";101003
ALJJ;374775;"ALJ REGIONAL HOLDINGS INC";100002
VSM;375160;"Versum Materials, Inc.";110001
HRL;375369;"HORMEL FOODS CORP /DE/";102002
AVGO_old;378100;"Avago Technologies";101004
CI;378114;"CIGNA Corp.";106006
CSRA;378123;"CSRA Inc.";101003
DLTR;378128;"Dollar Tree";102001
ENDP_old;378135;"Endo International";106005
FLR;378148;"Fluor Corp.";100003
FTI_old;378150;"FMC Technologies Inc.";107004
GGP_old;378155;"General Growth Properties Inc.";109001
HAR;378160;"Harman Int'l Industries";101001
LLL;378176;"L-3 Communications Holdings";100008
MJN;378188;"Mead Johnson";106006
MYL_old;378191;"Mylan N.V.";106005
PX;378201;"Praxair Inc.";110001
COL;378209;"Rockwell Collins";100008
SNI;378211;"Scripps Networks Interactive Inc.";103001
SE;378216;"Spectra Energy Corp.";101003
STJ;378218;"St Jude Medical";106004
ANDV;378224;Andeavor;107001
TSS;378227;"Total System Services";104007
MCK;380928;"MCKESSON CORP";106014
RCL;403292;"ROYAL CARIBBEAN CRUISES LTD";103015
CELG;410976;"CELGENE CORP /DE/";106002
PNRA;412883;"PANERA BREAD CO";103003
ATW;412984;"ATWOOD OCEANICS INC";107006
FOSL;419656;"Fossil Group, Inc.";103004
CPXX;436095;"Celator Pharmaceuticals Inc";106002
PCP;438657;"PRECISION CASTPARTS CORP";100008
KATE;441025;"Kate Spade & Co";103002
AGN_old;442340;"Allergan Inc.";106005
ARG;442344;"Airgas, Inc.";110001
ABMD;445587;"Abiomed Inc";106004
ARRS;445801;"Arris Group Inc";101005
AZPN;445871;"Aspen Technology Inc";101003
CAVM;446086;"Cavium Inc";101004
DFT;446473;"Dupont Fabros Technology Inc";109001
ES_old;446632;"Energysolutions Inc";105001
GWR;447280;"Genesee & Wyoming Inc";100010
GXP;447283;"Great Plains Energy Inc";105001
IGT;447449;"International Game Technology";103015
LSI_old;447735;"Lsi Corp";109001
MBFI;447767;"MB Financial Inc";104002
NFG;448011;"National Fuel Gas Co";107002
RSPP;448551;"RSP Permian Inc";107006
UHAL;449042;Amerco;100007
USG;449068;"Usg Corp";110005
WFT_old;449193;"Weatherford International LTD";107004
WGL;449198;"WGL Holdings Inc";105001
WOOF;449230;"Vca Antech Inc";106011
XCO;470616;"EXCO RESOURCES INC";107002
RGC;493690;"Regal Entertainment Group";103001
STRM;494891;"STREAMLINE HEALTH SOLUTIONS INC.";101003
ATHN;495675;"ATHENAHEALTH INC";101003
QSII;497184;"QUALITY SYSTEMS, INC";101003
MDSO;497390;"Medidata Solutions, Inc.";101003
MTBC;497698;"MEDICAL TRANSCRIPTION BILLING, CORP";101003
SNDK;505727;"SANDISK CORP";101001
HRB;506954;"H&R BLOCK INC";103020
MWW;507294;"MONSTER WORLDWIDE, INC.";
KND;510383;"KINDRED HEALTHCARE, INC";106011
CODA;511749;"Coda Octopus Group, Inc.";100008
FONR;512339;"FONAR CORP";106004
RMCF;515680;"ROCKY MOUNTAIN CHOCOLATE FACTORY INC";102002
HIBB;515787;"HIBBETT SPORTS INC";103002
EPM;516432;"EVOLUTION PETROLEUM CORP";107002
LL;517434;"Lumber Liquidators Holdings, Inc.";103002
IIN;519102;"INTRICON CORP";101001
FDC;520475;"FIRST DATA CORP";100002
CNVR;521210;"CONVERSANT, INC.";101002
CY;526074;"CYPRESS SEMICONDUCTOR CORP /DE/";101004
AGX;529078;"ARGAN INC";100003
CDI;531420;"CDI CORP";
CGA;532888;"China Green Agriculture, Inc.";110003
CRR;534434;"CARBO CERAMICS INC";107004
IDT;535487;"IDT CORP";108001
Time;535758;"Time Inc.";103026
VER;543421;"VEREIT, Inc.";109001
WMAR;543710;"WEST MARINE INC";103002
WSTL;543789;"WESTELL TECHNOLOGIES INC";101005
ERS;543790;"EMPIRE RESOURCES INC /NEW/";
BSPM;543906;"Biostar Pharmaceuticals, Inc.";106005
SORL;543973;"SORL Auto Parts Inc";103005
TSQ;545597;"Townsquare Media, Inc.";103001
CIE;546550;"Cobalt International Energy, Inc.";107002
COOL;546690;"COOL TECHNOLOGIES, INC.";106002
ETEC;546873;"EMTEC INC/NJ";
CNND;546895;"CANANDAIGUA NATIONAL CORP";104002
BRRE;547113;"BLUE RIDGE REAL ESTATE CO";109002
ETM;550551;"ENTERCOM COMMUNICATIONS CORP";103001
FRX;564852;"Forest Laboratories, LLC";106002
AKER;592461;"Akers Biosciences, Inc.";106003
WLB;596565;"WESTMORELAND COAL Co";110006
OA;609619;"ORBITAL ATK, INC.";100008
SSTK;623203;"Shutterstock, Inc.";101002
IPXL;625184;"IMPAX LABORATORIES INC";106005
TVPT;625611;"Travelport Worldwide LTD";103015
WIN;625612;"WINDSTREAM HOLDINGS, INC.";108001
LDOS_old;625661;"Leidos, Inc.";101003
TRNC;627811;"tronc, Inc.";103026
TRMB;627855;"TRIMBLE INC.";101001
CRZO;628031;"CARRIZO OIL & GAS INC";107002
TGI;629705;"TRIUMPH GROUP INC";100008
MNTM;629989;"Mount TAM Biotechnologies, Inc.";
REN;637543;"Resolute Energy Corp";107002
MDR;638112;"MCDERMOTT INTERNATIONAL INC";107004
OII;638114;"OCEANEERING INTERNATIONAL INC";107004
HABT;639722;"Habit Restaurants, Inc.";103003
RAVE;640428;"RAVE RESTAURANT GROUP, INC.";103003
LNGG;640898;"LINN ENERGY, INC.";107002
KEM;641260;"KEMET CORP";101001
PTN;642335;"PALATIN TECHNOLOGIES INC";106001
FMSA;645665;"FAIRMOUNT SANTROL HOLDINGS INC.";107004
WBMD;646643;"WebMD Health Corp.";101002
MTCH;647179;"Match Group, Inc.";101002
STMP;650092;"STAMPS.COM INC";101003
SFLY;650373;"SHUTTERFLY INC";103020
GCI;651516;"Gannett Co., Inc.";103026
WEB;651626;"WEB.COM GROUP, INC.";101002
XOXO;651859;"XO GROUP INC.";101002
NLN;652800;"NEULION, INC.";
RLJE;653411;"RLJ ENTERTAINMENT, INC.";103001
IHRT;653413;"iHeartMedia, Inc.";103001
TGLO;653964;"THEGLOBE COM INC";101002
AMCI;654226;"AmeriCann, Inc.";106005
GSEG;654541;"SATYA WORLDWIDE, INC.";
LIVE;655099;"LIVE VENTURES Inc";100013
ACLZ;655300;"Accelerize Inc.";108001
CTOP;658373;"Ceetop Inc.";
TCNT;658757;"TOUCAN INTERACTIVE CORP";
JBCT;658900;"JOBLOCATIONMAP INC";
RIHT;658986;"RIGHTSCORP, INC.";
VAPE;659172;"Vape Holdings, Inc.";
CMLS;659310;"CUMULUS MEDIA INC";103001
MJTK;659836;"CANNASYS INC";
MMEG;659865;"MOMENTOUS ENTERTAINMENT GROUP INC";
SANP;660201;"SANTO MINING CORP.";
UOLI;660762;"UONLIVE CORP";100013
SIGN;661042;"SIGNET INTERNATIONAL HOLDINGS, INC.";100013
WESC;662182;"W&E Source Corp.";
MAXD;662184;"Max Sound Corp";
PEDH;662413;"PEOPLES EDUCATIONAL HOLDINGS";
CWRL;662568;"Cornerworld Corp";
MXMG;662984;"MAXIMA GROUP INC.";
AJBI;663635;"AMI JAMES BRANDS, INC.";
RAVN;664566;"RAVEN INDUSTRIES INC";100001
MECK;666666;"Mecklermedia Corp";
OMGB;667156;"OMEGA BRANDS INC.";
CMND;667728;"CALEMINDER INC";
GDI;668481;"GARDNER DENVER INC";101001
TUES;668563;"TUESDAY MORNING CORP/DE";102001
CKP;669154;"CHECKPOINT SYSTEMS INC";103018
BPL;669884;"BUCKEYE PARTNERS, L.P.";107003
HDP;670518;"Hortonworks, Inc.";101003
ARS;670859;"Aleris International, Inc.";100001
WGO;670940;"WINNEBAGO INDUSTRIES INC";103005
ACW;671043;"ACCURIDE CORP";100012
ASTC;671045;"ASTROTECH Corp";100008
AKS;671046;"AK STEEL HOLDING CORP";110007
SHLM;671141;"SCHULMAN A INC";110001
BXC;673388;"BlueLinx Holdings Inc.";110005
CRUS;674434;"CIRRUS LOGIC INC";101004
ARCW;674718;"ARC Group Worldwide, Inc.";100001
ADNT;675558;"Adient plc";103005
BSET;675839;"BASSETT FURNITURE INDUSTRIES INC";103004
FNJN;679470;"FINJAN HOLDINGS, INC.";101003
JILL;680726;"J.Jill, Inc.";103002
LYV;682157;"Live Nation Entertainment, Inc.";103001
SVU;684097;"SUPERVALU INC";102001
SAFM;684669;"SANDERSON FARMS INC";102002
FSI;684672;"FLEXIBLE SOLUTIONS INTERNATIONAL INC";110001
BMS;687804;"BEMIS CO INC";103018
WPTH;687927;"Westport Energy Holdings Inc.";
QSIM;689588;"QUANTUMSPHERE, INC.";
PRLE;691898;"PILLARSTONE CAPITAL REIT";
HCOM;692076;"Hawaiian Telcom Holdco, Inc.";108001
ARMK_old;692435;"Aramark Services, Inc.";103003
CMRO;692525;"COMARCO INC";101005
SYNT;693332;"SYNTEL INC";101003
MDXG;693702;"MIMEDX GROUP, INC.";106004
TIS;693955;"Orchids Paper Products CO /DE";102002
ZAYO;694556;"Zayo Group Holdings, Inc.";101005
ACY;696963;"AEROCENTURY CORP";100007
MB;698225;"MINDBODY, Inc.";101003
UPL;700786;"ULTRA PETROLEUM CORP";107002
CSS;702391;"CSS INDUSTRIES INC";103002
FC;702498;"FRANKLIN COVEY CO";102006
ADVM;702608;"Adverum Biotechnologies, Inc.";106002
DYN;703911;"DYNEGY INC.";105002
GLBL;704271;"TERRAFORM GLOBAL, INC.";105002
CQH;704560;"Cheniere Energy Partners LP Holdings, LLC";107003
LEVB;705447;"Level Brands, Inc.";103011
MBOT;705845;"Microbot Medical Inc.";106003
MICR;706150;"MICRON SOLUTIONS INC /DE/";106004
MICT;706645;"MICT, Inc.";100008
CNXT;706764;"CONEXANT SYSTEMS INC";101004
ASCMA;707350;"Ascent Capital Group, Inc.";100007
HEMA;708324;"HEMACARE CORP /CA/";
OKTA;708398;"Okta, Inc.";101003
EE;709578;"EL PASO ELECTRIC CO /TX/";105001
FRP;710987;"FAIRPOINT COMMUNICATIONS INC";
RHE;712450;"REGIONAL HEALTH PROPERTIES, INC";106011
EPE;716965;"EP Energy Corp";107002
MDB;720635;"MongoDB, Inc.";101003
APU;723175;"AMERIGAS PARTNERS LP";105001
SSYS;727537;"STRATASYS INC";101001
XSPY;734429;"Spy Inc.";103015
ALGT;735180;"Allegiant Travel CO";100006
ARTX;739639;"AROTECH CORP";100001
DXC;740485;"DXC Technology Co";100002
APTI;741619;"Apptio Inc";101003
SNPS;744723;"SYNOPSYS INC";101003
WCG;745218;"WELLCARE HEALTH PLANS, INC.";106006
SNCR;747268;"SYNCHRONOSS TECHNOLOGIES INC";101003
PRGS;748103;"PROGRESS SOFTWARE CORP /MA";101003
STE;749030;"STERIS plc";106003
MXWL;755086;"MAXWELL TECHNOLOGIES INC";101001
ESL;758715;"ESTERLINE TECHNOLOGIES CORP";100008
NDLS;759987;"NOODLES & Co";103003
ECYT;760760;"ENDOCYTE INC";106002
BKS;763488;"BARNES & NOBLE INC";103002
DOMO;770174;"DOMO, INC.";101003
CVGI;773452;"Commercial Vehicle Group, Inc.";103005
RA;774807;"RDA Holding Co.";104001
GHDX;776327;"GENOMIC HEALTH INC";106001
BRSS;778121;"GLOBAL BRASS & COPPER HOLDINGS, INC.";100001
SRCI;786501;"SRC Energy Inc.";107002
SCRH;786879;"SCORES HOLDING CO INC";
GERN;793173;"GERON CORP";106002
YEXT;795507;"Yext, Inc.";101003
PGNX;795979;"PROGENICS PHARMACEUTICALS INC";106002
STML;795984;"STEMLINE THERAPEUTICS INC";106002
TYME;809189;"TYME TECHNOLOGIES, INC.";106002
IMDZ;809437;"IMMUNE DESIGN CORP.";106002
NLNK;809595;"NEWLINK GENETICS CORP";106002
DOCU;810159;"DOCUSIGN INC";101003
CHJI;815913;"CHINA CHANGJIANG MINING & NEW ENERGY COMPANY, LTD.";
CAKE;817638;"CHEESECAKE FACTORY INC";103003
WSTC;820561;"WEST CORP";100002
TXRH;821877;"Texas Roadhouse, Inc.";103003
CZR;821879;"CAESARS ENTERTAINMENT Corp";103015
CRC;822165;"California Resources Corp";107002
ANIK;823284;"Anika Therapeutics, Inc.";106002
AB;823898;"ALLIANCEBERNSTEIN HOLDING L.P.";104001
DF;824643;"DEAN FOODS CO";102002
FGP;825012;"FERRELLGAS PARTNERS L P";107001
TITN;825306;"Titan Machinery Inc.";100005
APPS;826035;"Digital Turbine, Inc.";101003
YOGA;826179;"YogaWorks, Inc.";103020
GAMZ;847387;"Gamzio Mobile, Inc.";
SD;849174;"SANDRIDGE ENERGY INC";107002
CCE;849813;"COCA-COLA REFRESHMENTS USA, INC.";102005
SMPL;858017;"Simply Good Foods Co";102002
YGYI;858111;"Youngevity International, Inc.";102002
VLRX;867483;"Valeritas Holdings Inc.";106003
KONA;884107;"KONA GRILL INC";103003
CUO;884109;"CONTINENTAL MATERIALS CORP";100001
IOTS;884299;"ADESTO TECHNOLOGIES Corp";101004
SWI;885119;"SolarWinds, Inc.";101003
CVCO;890460;"CAVCO INDUSTRIES INC.";103013
CLDR;890662;"Cloudera, Inc.";101003
SMA;893218;"Symmetry Medical Inc.";
STLR;895647;"Phunware, Inc.";100013
ZS;896477;"Zscaler, Inc.";101003
ECA;897579;"ENCANA CORP";107002
PCMI;898543;"PCM, INC.";101001
FIVE;902627;"FIVE BELOW, INC";103002
ZAGG;903954;"ZAGG Inc";103002
ANDX;904346;"ANDEAVOR LOGISTICS LP";107003
JAKK;908372;"JAKKS PACIFIC INC";103015
ONS;908645;"Outlook Therapeutics, Inc.";106002
NEWR;908918;"NEW RELIC, INC.";101003
OMP;914862;"Oasis Midstream Partners LP";
EVRI;917372;"Everi Holdings Inc.";
ESTC;917843;"Elastic N.V.";101003
NX;921442;"Quanex Building Products CORP";
AAC;939324;"AAC Holdings, Inc.";106011
CRAY;941302;"CRAY INC";101001
JCS;945747;"COMMUNICATIONS SYSTEMS INC";108001
CYIG;947023;"SPRING PHARMACEUTICAL GROUP, INC.";
WORK;949110;"Slack Technologies, Inc.";101003
DDS;949971;"DILLARD'S, INC.";103002
CHWY;951287;"Chewy, Inc.";103002
RH;951586;RH;103002
ARKR;952460;"ARK RESTAURANTS CORP";103003
AOBC;952565;"AMERICAN OUTDOOR BRANDS CORP";100008
PRKA;954543;"PARKS AMERICA, INC";
PTON;963029;"PELOTON INTERACTIVE, INC.";103015
ZM;963384;"Zoom Video Communications, Inc.";101003
FARM;968243;"FARMER BROTHERS CO";
SDC;969099;"SmileDirectClub, Inc.";106001
LPG;976577;"DORIAN LPG LTD.";
TLYS;978925;"TILLY'S, INC.";103002
XPER;983817;"Xperi Corp";101004
VSAT;986214;"VIASAT INC";101001
PD;987612;"PagerDuty, Inc.";101003
CHNG;987613;"Change Healthcare Inc.";101003
CRS;993068;"CARPENTER TECHNOLOGY CORP";
NWGI;360213;"Newgioco Group, Inc.";
GRMM;647541;"Grom Social Enterprises, Inc.";
MJCO;110826;Majesco;101003
CYAN;65022;"CYANOTECH CORP";102002
FORD;257294;"FORWARD INDUSTRIES INC";103004
RLOC;148191;"ReachLocal Inc";
FRD;543788;"FRIEDMAN INDUSTRIES INC";110007
CIDM;620342;"Cinedigm Corp.";103001
PLAN;925650;"Anaplan, Inc.";101003
REMI;76840;"REMEDENT, INC.";106003
BBGI;652265;"BEASLEY BROADCAST GROUP INC";103001
AMWD;77084;"AMERICAN WOODMARK CORP";103004
BNED;75409;"Barnes & Noble Education, Inc.";103002
OOMA;208053;"OOMA INC";108001
AMBA;50129;"AMBARELLA INC";101004
GRPN;639037;"Groupon, Inc.";101002
RSLS;794492;"ReShape Lifesciences Inc.";106004
P;91899;"Pandora Media, Inc.";103001
NCLH;744483;"Norwegian Cruise Line Holdings Ltd.";103015
ITI;59550;"ITERIS, INC.";101005
SGY;123623;"STONE ENERGY CORP";107002
MDP;253689;"MEREDITH CORP";103026
QTNA;734346;"QUANTENNA COMMUNICATIONS INC";101004
KITE;73743;"Kite Pharma, Inc.";106002
TOWR;625334;"Tower International, Inc.";103005
MEIP;187582;"MEI Pharma, Inc.";106005
STZ;256994;"CONSTELLATION BRANDS, INC.";102004
ACN;61372;"Accenture plc";108002
ALOT;995248;"AstroNova, Inc.";
TLRA;646927;"Telaria, Inc.";101003
BRCD;186307;"BROCADE COMMUNICATIONS SYSTEMS INC";101001
WDAY;186213;"Workday, Inc.";101003
COO;186450;"COOPER COMPANIES INC";106003
COUP;811353;"Coupa Software Inc";101003
SILK;963382;"Silk Road Medical Inc";106003
SFIX;902273;"Stitch Fix, Inc.";103002
SUPN;445197;"SUPERNUS PHARMACEUTICALS INC";106005
S;353395;"SPRINT Corp";108001
BLOX;252645;"INFOBLOX INC";101005
SPLK;51255;"SPLUNK INC";101003
FIZZ;199147;"NATIONAL BEVERAGE CORP";102005
JWA;195872;"WILEY JOHN & SONS, INC.";103026
CASY;188690;"CASEYS GENERAL STORES INC";102001
MNI;653890;"MCCLATCHY CO";103026
GIS;78526;"GENERAL MILLS INC";102002
TZOO;515536;TRAVELZOO;101002
FUL;256748;"FULLER H B CO";110001
ASPU;652699;"ASPEN GROUP, INC.";102006
KFY;211211;"KORN FERRY INTERNATIONAL";100011
CMC;980334;"COMMERCIAL METALS Co";110007
RWLK;908640;"ReWalk Robotics Ltd.";106004
SOHO;158088;"Sotherly Hotels Inc.";109001
CCL;288836;"CARNIVAL CORP";103015
SNX;84398;"SYNNEX CORP";100002
LNN;80469;"LINDSAY CORP";100009
SGH;630523;"SMART Global Holdings, Inc.";101004
CCF;90312;"CHASE CORP";100001
FLLZ;667668;"Fellazo Corp";
DAL;231789;"DELTA AIR LINES INC /DE/";100006
AXGN;822853;"AxoGen, Inc.";106004
RAD;84515;"RITE AID CORP";102001
WBC;102132;"WABCO Holdings Inc.";103005
AZZ;82401;"AZZ INC";100001
VRNT;44422;"VERINT SYSTEMS INC";101003
DSW;596024;"DSW Inc.";103002
GIMO;252563;"Gigamon Inc.";101005
APOG;327543;"APOGEE ENTERPRISES, INC.";110005
MN;826501;"Manning & Napier, Inc.";104001
BVSN;156413;"BROADVISION INC";101003
PETS;820678;"PETMED EXPRESS INC";102001
NTNX;544815;"Nutanix, Inc.";101003
ARQL;795983;"ARQULE INC";106002
MXPT;146869;"MaxPoint Interactive, Inc.";101003
CBLK;896985;"Carbon Black, Inc.";101003
HD;261673;"HOME DEPOT INC";103002
MAMS;265007;"MAM SOFTWARE GROUP, INC.";101003
HEI;250786;"HEICO CORP";100008
NICK;141389;"NICHOLAS FINANCIAL INC";104007
CIK;113301;"Crédit Suisse Asset Management Income Fund, INC.";104001
FCEL;197812;"FUELCELL ENERGY INC";105002
RSYS;342891;"RADISYS CORP";101001
HGEN;263238;"KALOBIOS PHARMACEUTICALS INC";
MAA;744578;"MID AMERICA APARTMENT COMMUNITIES INC.";109001
TIVO;176762;"TIVO INC";101003
NFLX;83548;"NETFLIX INC";103001
FDX;259098;"FEDEX CORP";100010
AN;66437;"AUTONATION, INC.";103005
KO;82117;"COCA COLA CO";102005
SAVE;170150;"Spirit Airlines, Inc.";100006
DHR;89750;"DANAHER CORP /DE/";106001
PEP;218222;"PEPSICO INC";102005
LMT;103644;"LOCKHEED MARTIN CORP";100008
EXA;177765;"EXA CORP";101003
VIAB;378236;"Viacom Inc.";103001
NAV;203261;"NAVISTAR INTERNATIONAL CORP";100012
TXN;252464;"TEXAS INSTRUMENTS INC";101004
OMED;819110;"OncoMed Pharmaceuticals Inc";106002
JCP;180279;"J C PENNEY CO INC";103002
LE;182473;"LANDS' END, INC.";103002
PAYX;106287;"PAYCHEX INC";100002
SLM;103225;"SLM CORP";104007
KSU;99395;"KANSAS CITY SOUTHERN";100010
FAST;339017;"FASTENAL CO";100005
LEE;652664;"LEE ENTERPRISES, INC";103026
HTM;709126;"US GEOTHERMAL INC";105002
GWRE;37120;"Guidewire Software, Inc.";101003
TRV;262327;"TRAVELERS COMPANIES, INC.";104006
DOV;336327;"DOVER Corp";100001
KMB;384594;"KIMBERLY CLARK CORP";102002
BIIB;71079;"BIOGEN INC.";106002
CSX;248102;"CSX CORP";100010
IVTY;103578;"Invuity, Inc.";106003
SSNI;331528;"SILVER SPRING NETWORKS INC";101001
LUK;378180;"Leucadia National Corp.";102002
WNDW;92543;"SolarWindow Technologies, Inc.";
IPDN;655301;"Professional Diversity Network, Inc.";101002
HRI;535488;"HERC HOLDINGS INC";100007
WHR;104227;"WHIRLPOOL CORP /DE/";103004
NVEC;102816;"NVE CORP /NEW/";101004
AIR;671123;"AAR CORP";100008
CALM;776100;"CAL-MAINE FOODS INC";102002
LII;98304;"LENNOX INTERNATIONAL INC";100001
CDNS;107614;"CADENCE DESIGN SYSTEMS INC";101003
WINA;102395;"WINMARK CORP";103002
GGG;103052;"GRACO INC";100001
ALLE;69109;"Allegion plc";100007
APD;185217;"AIR PRODUCTS & CHEMICALS INC /DE/";110001
MTRN;739542;"MATERION Corp";110004
PPG;256062;"PPG INDUSTRIES INC";110001
CP;102322;"CANADIAN PACIFIC RAILWAY LTD/CN";100010
AAL;68568;"American Airlines Group Inc.";100006
UAL;219075;"United Continental Holdings, Inc.";100006
CAMP;75639;"CalAmp Corp.";101005
TRN;247970;"TRINITY INDUSTRIES INC";100010
HSY;248677;"HERSHEY CO";102002
CFI;209337;"CULP INC";
SHLO;202591;"SHILOH INDUSTRIES INC";100001
SCHL;651267;"SCHOLASTIC CORP";103026
CAG;326285;"CONAGRA FOODS INC /DE/";102002
NKE;101814;"NIKE INC";103004
RECN;328011;"RESOURCES CONNECTION INC";100002
RPM;328948;"RPM INTERNATIONAL INC/DE/";110001
TLRD;929181;"TAILORED BRANDS INC";103002
EFX;378137;"Equifax Inc.";100002
SAM;714419;"THE BOSTON BEER COMPANY, INC.";102004
SYF;493399;"Synchrony Financial";104007
BOOM;953277;"DMC Global Inc.";107004
IEX;824090;"IDEX CORP /DE/";100001
APH;65820;"AMPHENOL CORP /DE/";101001
INTC;85652;"INTEL CORP";101004
GRC;122864;"GORMAN RUPP CO";100001
CINF;248488;"CINCINNATI FINANCIAL CORP";104006
JNJ;89661;"JOHNSON & JOHNSON";106005
KMI;88392;"KINDER MORGAN, INC.";107003
CNC;378107;"Centene Corporation";106006
CRSP;791051;"CRISPR Therapeutics AG";106002
AJRD;516551;"AEROJET ROCKETDYNE HOLDINGS, INC.";100008
EW;108955;"Edwards Lifesciences Corp";106004
IQV;744724;"IQVIA HOLDINGS INC.";106001
MANH;105128;"MANHATTAN ASSOCIATES INC";101003
DGX;341807;"QUEST DIAGNOSTICS INC";106001
TBI;108139;"TrueBlue, Inc.";100011
AIMC;773555;"Altra Industrial Motion Corp.";100001
CLNT;543877;"Cleantech Solutions International, Inc.,";100001
DRI;108420;"DARDEN RESTAURANTS INC";103003
HXL;103406;"HEXCEL CORP /DE/";100008
HOFT;985052;"HOOKER FURNITURE CORP";
ISRG;103498;"INTUITIVE SURGICAL INC";106004
GWW;504823;"GRAINGER W W INC";100005
PHM;404717;"PULTEGROUP INC/MI/";103013
SRCE;767938;"1ST SOURCE CORP";104002
NEP;704398;"NextEra Energy Partners, LP";105002
UNP;367644;"UNION PACIFIC CORP";100010
VRSN;378234;"Verisign Inc.";101002
NEE;188922;"NEXTERA ENERGY INC";105001
CSL;446361;"Carlisle Companies Inc";103005
MCBC;745864;"MACATAWA BANK CORP";104002
HAL;378158;"Halliburton Co.";107004
HCSG;923327;"HEALTHCARE SERVICES GROUP INC";100002
AXP;413080;"AMERICAN EXPRESS CO";104007
ARE;445788;"Alexandria Real Estate Equities Inc";109001
BHI;71832;"BAKER HUGHES INC";107004
TNET;797860;"TRINET GROUP INC";100002
GOOD;106972;"GLADSTONE COMMERCIAL CORP";109001
STT;378219;"State Street Corp.";104001
CCK;446122;"Crown Holdings Inc";103018
DFS;378127;"Discover Financial Services";104007
PNR;334445;"PENTAIR plc";100001
MKTX;118024;"MARKETAXESS HOLDINGS INC";104003
HON;105257;"HONEYWELL INTERNATIONAL INC";100001
RS;448547;"Reliance Steel & Aluminum Co";110007
SNBR;925649;"Sleep Number Corp";
TACO;823787;"Del Taco Restaurants, Inc.";103003
REXR;139560;"Rexford Industrial Realty, Inc.";109001
EQT;378136;"EQT Corporation";107002
LUV;205563;"SOUTHWEST AIRLINES CO";100006
SWKS;353611;"SKYWORKS SOLUTIONS, INC.";101004
DOW;378129;"Dow Chemical";110001
HSII;727845;"HEIDRICK & STRUGGLES INTERNATIONAL INC";100011
BHGE;679135;"Baker Hughes a GE Co";107004
MMM;22219;"3M CO";100001
SPGI;378217;"S&P Global, Inc.";104003
MSFT;59265;"MICROSOFT CORP";101003
CMG;80874;"CHIPOTLE MEXICAN GRILL INC";103003
AMD;191397;"ADVANCED MICRO DEVICES INC";101004
MA;331628;"Mastercard Inc";104007
GE;244314;"GENERAL ELECTRIC CO";100001
GRMN;388839;"GARMIN LTD";101001
SLB;353500;"SCHLUMBERGER LIMITED/NV";107004
QCOM;85758;"QUALCOMM INC/DE";101004
VZ;101219;"VERIZON COMMUNICATIONS INC";108001
GOOG;18;"Alphabet (Google)";101002
MSCI;549638;"MSCI Inc.";104003
BA;70844;"BOEING CO";100008
SBUX;86689;"STARBUCKS CORP";103003
EBAY;104109;"EBAY INC";103002
BAX;254808;"BAXTER INTERNATIONAL INC";106003
ABT;63877;"ABBOTT LABORATORIES";106004
BAC;71941;"BANK OF AMERICA CORP /DE/";104002
AMZN;62747;"AMAZON COM INC";103002
F;249937;"FORD MOTOR CO";103005
CMCSA;106366;"COMCAST CORP";108001
HBI;331419;"Hanesbrands Inc.";103004
KDP;378130;"Keurig Dr Pepper Inc.";102005
GM;125620;"General Motors Co";103005
XRX;378247;"Xerox Corp.";101003
MC;878834;"Moelis & Co";104001
VALU;208845;"VALUE LINE INC";103026
FEIM;118109;"FREQUENCY ELECTRONICS INC";101005
LOGM;641732;"LogMeIn, Inc.";101003
SEB;448625;"Seaboard Corp";100013
CGNX;710555;"COGNEX CORP";101001
DORM;742104;"Dorman Products, Inc.";103005
OGS;351460;"ONE Gas, Inc.";105001
TROW;378221;"T. Rowe Price Group";104001
NOV;378193;"National Oilwell Varco Inc.";107004
ELS;446592;"Equity Lifestyle Properties Inc";109001
CE;109593;"Celanese Corp";110001
IBM;69543;"INTERNATIONAL BUSINESS MACHINES CORP";101003
DTE;378131;"DTE Energy Co.";105001
HNI;123823;"HNI CORP";100001
IVAC;639373;"INTEVAC INC";101001
OMC;251397;"OMNICOM GROUP INC.";103011
ODT;790464;"Odonate Therapeutics, Inc.";106002
SEIC;341472;"SEI INVESTMENTS CO";104001
FICO;446774;"Fair Isaac Corp";101003
MAS;255010;"MASCO CORP /DE/";110005
ANTM;378099;"Anthem Inc.";106006
PFG;367240;"PRINCIPAL FINANCIAL GROUP INC";104004
MEDP;989058;"Medpace Holdings, Inc.";106001
PEGA;448267;"Pegasystems Inc";101003
LFUS;132253;"LITTELFUSE INC /DE";101001
MDLZ;378190;"Mondelez International";102002
HZO;993630;"MARINEMAX INC";
PGRE;350539;"Paramount Group, Inc.";109001
OSK;975076;"OSHKOSH CORP";100008
CTAS;331923;"CINTAS CORP";100002
NSC;378195;"Norfolk Southern Corp.";100010
WOR;332221;"WORTHINGTON INDUSTRIES INC";110007
NEOG;965693;"NEOGEN CORP";106001
USAP;114434;"UNIVERSAL STAINLESS & ALLOY PRODUCTS INC";110007
CMA;378118;"Comerica Inc.";104002
SITE;62823;"SiteOne Landscape Supply, Inc.";100005
AR;466098;"ANTERO RESOURCES Corp";107002
CDE;529633;"Coeur Mining, Inc.";110004
NWE;342218;"NORTHWESTERN CORP";105001
WWE;641925;"WORLD WRESTLING ENTERTAINMENTINC";103001
CROX;128143;"Crocs, Inc.";103004
PI;182875;"IMPINJ INC";101001
NTRS;407194;"NORTHERN TRUST CORP";104001
LXRX;56235;"LEXICON PHARMACEUTICALS, INC.";106002
AWI;253579;"ARMSTRONG WORLD INDUSTRIES INC";110005
TRU;700411;TransUnion;100002
BMI;252337;"BADGER METER INC";101001
FSS;968229;"FEDERAL SIGNAL CORP /DE/";100001
OMF;687414;"OneMain Holdings, Inc.";104007
CERN;259186;"CERNER CORP /MO/";101003
UTHR;438343;"UNITED THERAPEUTICS Corp";106002
MRC;558197;"MRC GLOBAL INC.";107004
BRO;245531;"BROWN & BROWN INC";104003
APRN;978546;"Blue Apron Holdings, Inc.";103002
ALKS;445699;"Alkermes PLC";106002
ST;749178;"Sensata Technologies Holding plc";101001
TYL;693134;"TYLER TECHNOLOGIES INC";101003
DIN;545516;"DineEquity, Inc";103003
TFX;448874;"Teleflex Inc";106004
SAIA;942700;"SAIA INC";100010
FTV;378151;"Fortive Corp";101001
UMBF;256663;"UMB FINANCIAL CORP";104002
AMKR;693881;"AMKOR TECHNOLOGY, INC.";101004
KLIC;362126;"KULICKE & SOFFA INDUSTRIES INC";101004
ETN;124922;"Eaton Corp plc";100001
PPC;423305;"PILGRIMS PRIDE CORP";102002
SMP;126577;"STANDARD MOTOR PRODUCTS INC";103005
TNDM;693227;"TANDEM DIABETES CARE INC";106004
BZH;505724;"BEAZER HOMES USA INC";103013
NGVT;979804;"Ingevity Corp";110001
SPOK;997662;"Spok Holdings, Inc";108001
TAP;248956;"MOLSON COORS BREWING CO";102004
BEN;378153;"Franklin Resources";104001
NOW;617429;"ServiceNow, Inc.";101003
MGPI;968242;"MGP INGREDIENTS INC";102002
HAYN;358061;"HAYNES INTERNATIONAL INC";100001
CR;355869;"CRANE CO /DE/";100001
CMI;120498;"CUMMINS INC";100001
PTEN;345674;"PATTERSON UTI ENERGY INC";107006
TPB;58275;"Turning Point Brands, Inc.";102003
PM;82860;"Philip Morris International Inc.";102003
ZYXI;171401;"ZYNEX INC";106004
DXCM;352596;"DEXCOM INC";106001
MASI;350340;"MASIMO CORP";106004
SIRI;97841;"SIRIUS XM HOLDINGS INC.";103001
PII;104458;"POLARIS INDUSTRIES INC/MN";103005
MKL;205470;"MARKEL CORP";104006
ROK;121874;"ROCKWELL AUTOMATION INC";100001
CSBR;241725;"CHAMPIONS ONCOLOGY, INC.";106002
NOC;333824;"NORTHROP GRUMMAN CORP /DE/";100008
WAT;378240;"Waters Corporation";106003
INOV;497806;"Inovalon Holdings, Inc.";101003
TUP;125534;"TUPPERWARE BRANDS CORP";103018
GD;234391;"GENERAL DYNAMICS CORP";100008
AMT;68339;"AMERICAN TOWER CORP /MA/";108001
PS;698235;"Pluralsight, Inc.";101003
GFF;358146;"GRIFFON CORP";110005
WHG;646168;"WESTWOOD HOLDINGS GROUP INC";104001
OC;985860;"Owens Corning";110005
WIRE;983825;"ENCORE WIRE CORP";
MSA;898420;"MSA Safety Inc";100007
AFL;62581;"AFLAC INC";104004
AVY;66346;"Avery Dennison Corp";100001
AMGN;65735;"AMGEN INC";106002
HUN;447408;"Huntsman Corp";110001
DMRC;110139;"Digimarc CORP";101003
CLFD;824450;"Clearfield, Inc.";101005
CRVS;808943;"Corvus Pharmaceuticals, Inc.";106002
JBHT;378173;"J. B. Hunt Transport Services";100010
ADM;66997;"ARCHER DANIELS MIDLAND CO";102002
GOV;820761;"GOVERNMENT PROPERTIES INCOME TRUST";109001
FBHS;378152;"Fortune Brands Home & Security";103004
V;107326;"VISA INC.";104007
TEL;104745;"TE Connectivity Ltd.";101001
VMI;449113;"Valmont Industries Inc";100001
SHW;378215;Sherwin-Williams;110001
OKE;334076;"ONEOK INC /NEW/";107003
CHDN;883031;"CHURCHILL DOWNS Inc";103015
URI;102754;"UNITED RENTALS INC /DE";100007
QEP;504259;"QEP RESOURCES, INC.";107005
HOLX;362221;"HOLOGIC INC";106003
CSGP;486790;"COSTAR GROUP INC";109002
INVA;942592;"Innoviva, Inc.";106002
SIX;816466;"Six Flags Entertainment Corp";103015
ACCO;120923;"ACCO BRANDS Corp";100001
UNM;378233;"Unum Group";104004
NEM;103736;"NEWMONT MINING CORP /DE/";110004
XYL;124467;"Xylem Inc.";100001
MLM;378186;"Martin Marietta Materials";110005
GLW;261761;"CORNING INC /NY";101001
PRO;969097;"PROS Holdings, Inc.";101003
DVA;349826;"DAVITA INC.";106011
RGEN;933166;"REPLIGEN CORP";106001
WAB;749129;"WESTINGHOUSE AIR BRAKE TECHNOLOGIES CORP";100010
DRQ;113753;"DRIL-QUIP INC";107004
CHEF;350160;"Chefs' Warehouse, Inc.";102001
PINS;979810;"PINTEREST, INC.";101002
AXTA;702906;"Axalta Coating Systems Ltd.";110001
ACF;748227;"General Motors Financial Company, Inc.";
CARS;650652;"Cars.com Inc.";103005
BGS;327019;"B&G Foods, Inc.";102002
LKSD;941948;"LSC Communications, Inc.";
ALXN;65359;"ALEXION PHARMACEUTICALS INC";106002
SON;992009;"SONOCO PRODUCTS CO";100005
HCA;378161;"HCA Holdings";106011
WM;378239;"Waste Management Inc.";100004
WYND;116466;"WYNDHAM DESTINATIONS, INC.";103015
ALG;128246;"ALAMO GROUP INC";100009
KRA;985521;"Kraton Corp";110001
GAS;70028;"AGL RESOURCES INC";105001
ULBI;739637;"ULTRALIFE CORP";100001
HURN;166848;"Huron Consulting Group Inc.";100002
LIVN;678892;"LivaNova PLC";106004
ISDR;997171;"ISSUER DIRECT CORP";
CCS;350948;"Century Communities, Inc.";103013
VLO;410846;"VALERO ENERGY CORP/TX";107001
FMAO;939566;"FARMERS & MERCHANTS BANCORP INC";104002
Joe;546306;"ST JOE CO";109002
SBH;978927;"Sally Beauty Holdings, Inc.";103002
ERIE;446629;"Erie Indemnity Co";104003
TROX;627774;"Tronox Ltd";110001
UBX;893323;"Unity Biotechnology, Inc.";106002
PYPL;109664;"PayPal Holdings, Inc.";104007
PEB;107219;"Pebblebrook Hotel Trust";109001
HAS;249756;"HASBRO INC";103015
MD;905672;"MEDNAX, INC.";106011
ITGR;101027;"Integer Holdings Corp";106004
TRNX;920932;"Wright Medical Group N.V.";
TSE;530044;"Trinseo S.A.";110001
TDW;419436;"TIDEWATER INC";107004
ABG;545489;"ASBURY AUTOMOTIVE GROUP INC";103005
AVGR;896087;"Avinger Inc";106004
WNC;109798;"WABASH NATIONAL CORP /DE";100012
DENN;986862;"DENNY'S Corp";103003
HOME;233408;"At Home Group Inc.";103002
BAH;182296;"Booz Allen Hamilton Holding Corp";100002
LOGI;353811;"LOGITECH INTERNATIONAL SA";101001
TLCC;156530;"TWINLAB CONSOLIDATED HOLDINGS, INC.";
SOTK;94282;"SONO TEK CORP";101001
UTL;704075;"UNITIL CORP";105001
MTOR;772948;"MERITOR INC";103005
ESV;822750;"Ensco plc";107006
EIX;378134;"Edison International";105001
R;378210;"Ryder System";100007
FRAN;202677;"Francesca's Holdings CORP";103002
CXO;378119;"Concho Resources";107002
DRE;446513;"Duke Realty Corp";109001
SPXC;768069;"SPX CORP";100001
RIG;350729;"Transocean Ltd.";107006
IDA;627772;"IDACORP INC";105001
WLTW;378243;"Willis Towers Watson";104003
CFR;419929;"CULLEN/FROST BANKERS, INC.";104002
NVCR;440850;"Novocure Ltd";106003
AGIO;737501;"AGIOS PHARMACEUTICALS INC";106002
HSTM;497494;"Healthstream Inc";101003
VKTX;890836;"Viking Therapeutics, Inc.";106002
CUZ;446395;"Cousins Properties Inc";109001
ICE;378167;"Intercontinental Exchange";104003
PCG;378198;"PG&E Corp.";105001
SO;189248;"SOUTHERN CO";105001
CAR;980327;"AVIS BUDGET GROUP, INC.";103002
DAN;980331;"DANA INC";103005
OPY;505723;"OPPENHEIMER HOLDINGS INC";104003
IRBT;675457;"IROBOT CORP";101001
PLD;113992;"Prologis, Inc.";109001
HP;360878;"Helmerich & Payne, Inc.";107006
GSHD;986860;"Goosehead Insurance, Inc.";104005
EGP;899359;"EASTGROUP PROPERTIES INC";109001
KN;996259;"Knowles Corp";
ENVA;625336;"Enova International, Inc.";104007
APTV;378125;"Aptiv PLC";103005
IR;378166;"Ingersoll-Rand PLC";100001
SFM;520294;"Sprouts Farmers Market, Inc.";102001
GPC;115285;"GENUINE PARTS CO";103002
SIGI;627778;"SELECTIVE INSURANCE GROUP INC";104006
EXAS;41775;"EXACT SCIENCES CORP";106001
DRTT;963028;"DIRTT ENVIRONMENTAL SOLUTIONS LTD";103004
ARW;445806;"Arrow Electronics Inc";101001
RDFN;808089;"Redfin Corp";109002
BPMC;781830;"Blueprint Medicines Corp";106002
HTH;492790;"Hilltop Holdings Inc.";104002
Mark;652365;"REMARK HOLDINGS, INC.";101002
EXP;110585;"EAGLE MATERIALS INC";110005
CACC;980324;"CREDIT ACCEPTANCE CORP";104007
RMBL;647388;"RumbleON, Inc.";103002
CMCO;899253;"COLUMBUS MCKINNON CORP";100009
VIDE;95336;"VIDEO DISPLAY CORP";101001
TENB;896983;"Tenable Holdings, Inc.";101003
BG;445920;"Bunge LTD";102002
UDR;424210;"UDR, Inc.";109001
AMED;904598;"AMEDISYS INC";106011
AAN;441241;"AARON'S INC";100007
ARI;498489;"Apollo Commercial Real Estate Finance, Inc.";109001
FLS;378147;"Flowserve Corporation";100001
MTD;334921;"METTLER TOLEDO INTERNATIONAL INC/";106003
CTSH;128066;"COGNIZANT TECHNOLOGY SOLUTIONS CORP";101003
CSLT;494803;"CASTLIGHT HEALTH, INC.";101003
BCO;494050;"BRINKS CO";100007
EVLO;807946;"Evelo Biosciences, Inc.";106002
MGLN;945856;"MAGELLAN HEALTH INC";106011
LFGR;652547;"LEAF GROUP LTD.";101002
CLF;754906;"CLEVELAND-CLIFFS INC.";110004
LMB;733746;"Limbach Holdings, Inc.";100003
PKE;89458;"PARK ELECTROCHEMICAL CORP";101004
LSYN;954544;"Liberated Syndication Inc.";
MO;133574;"ALTRIA GROUP, INC.";102003
SKY;132365;"SKYLINE CORP";103013
QRVO;35151;"Qorvo, Inc.";101004
EXPE;112653;"Expedia, Inc.";103015
INFI;819348;"INFINITY PHARMACEUTICALS, INC.";106002
UTX;261978;"UNITED TECHNOLOGIES CORP /DE/";100008
WSBC;739365;"WESBANCO INC";104002
FB;121021;"Facebook Inc";101002
APA;254576;"APACHE CORP";107002
SAH;904847;"SONIC AUTOMOTIVE INC";103005
GT;378156;"Goodyear Tire & Rubber";103005
CL;255327;"COLGATE PALMOLIVE CO";102002
L;378182;"Loews Corp.";104006
SHAK;148890;"Shake Shack Inc.";103003
TWTR;30388;"TWITTER, INC.";101002
W;417451;"Wayfair Inc.";103002
XOM;121214;"EXXON MOBIL CORP";107005
MRK;262201;"Merck & Co., Inc.";106005
ODP;528624;"OFFICE DEPOT INC";103002
GILD;239284;"GILEAD SCIENCES INC";106002
FIT;642125;"FITBIT INC";101001
TWLO;670420;"TWILIO INC";101003
ZNGA;418866;"ZYNGA INC";101003
GDDY;647209;"GoDaddy Inc.";101002
JBLU;720902;"JETBLUE AIRWAYS CORP";100006
ABBV;61199;"AbbVie Inc.";106005
PG;133209;"PROCTER & GAMBLE Co";102002
GPRO;114240;"GoPro, Inc.";101001
CAT;253953;"CATERPILLAR INC";100009
T;66790;"AT&T INC.";108001
WEN;217619;"Wendy's Co";103003
DIS;261356;"The Walt Disney Company";103001
ATVI;243;"Activision Blizzard";101003
LAZ;447656;"Lazard LTD";104003
C;89126;"CITIGROUP INC";104002
MCO;88874;"MOODYS CORP /DE/";104003
KHC;693432;"Kraft Heinz Co";102002
HUBS;504719;"HUBSPOT INC";101003
HLT;740329;"Hilton Worldwide Holdings Inc.";103015
GS;60439;"GOLDMAN SACHS GROUP INC";104002
VMC;378238;"Vulcan Materials";110005
TAYD;338837;"TAYLOR DEVICES INC";100001
ESCA;918449;"ESCALADE INC";
EMR;255983;"EMERSON ELECTRIC CO";100001
WTW;564422;"WEIGHT WATCHERS INTERNATIONAL INC";103020
WSCO;659717;"Wall Street Media Co, Inc.";
WWW;983819;"WOLVERINE WORLD WIDE INC /DE/";103004
OI;406666;"OWENS ILLINOIS INC /DE/";103018
MS;86439;"MORGAN STANLEY";104003
JPM;243510;"JPMORGAN CHASE & CO";104002
MORN;979788;"Morningstar, Inc.";104003
CLH;857873;"CLEAN HARBORS INC";100004
ACA;919864;"Arcosa, Inc.";100003
ZVO;901866;"Zovio Inc";102006
ROL;744726;"ROLLINS INC";100002
LNG;260533;"CHENIERE ENERGY INC";107003
PAH;687589;"Platform Specialty Products Corp";110001
IDXX;447447;"Idexx Laboratories Inc";106001
PAYC;746934;"Paycom Software, Inc.";101003
TWOU;909826;"2U, Inc.";101003
EME;446597;"Emcor Group Inc";100003
LNTH;179201;"Lantheus Holdings, Inc.";106001
FND;693510;"Floor & Decor Holdings, Inc.";103002
CHD;378113;"Church & Dwight";102002
CCH;704561;"Cheniere Corpus Christi Holdings, LLC";
POOL;448357;"Pool Corp";103015
BCPC;700317;"BALCHEM CORP";110001
WK;618274;"WORKIVA INC";101003
IP;261549;"INTERNATIONAL PAPER CO /NEW/";103018
JJSF;968241;"J&J SNACK FOODS CORP";102002
LLY;378181;"Lilly (Eli) & Co.";106005
HUBB;628038;"HUBBELL INC";101001
ASNA;35533;"Ascena Retail Group, Inc.";103002
SNA;288357;"SNAP-ON Inc";100001
IPG;378168;"Interpublic Group";103011
CMS;378117;"CMS Energy";105001
FARO;740727;"FARO TECHNOLOGIES INC";101001
UIS;717085;"UNISYS CORP";101003
CB;378112;"Chubb Limited";104006
HUM;234479;"HUMANA INC";106006
HIG;387752;"HARTFORD FINANCIAL SERVICES GROUP INC/DE";104005
NEO;778404;"NEOGENOMICS INC";106001
SANM;418072;"SANMINA CORP";101001
SRDX;366154;"SURMODICS INC";106001
SGEN;487011;"SEATTLE GENETICS INC /WA";106002
WAL;345773;"WESTERN ALLIANCE BANCORPORATION";104002
CDNA;171003;"CareDx, Inc.";106001
MTZ;447935;"Mastec Inc";100003
PSA;378204;"Public Storage";109001
EVA;900872;"Enviva Partners, LP";110002
AWRE;512152;"AWARE INC /MA/";101003
AON;67471;"Aon plc";104003
MPX;953278;"MARINE PRODUCTS CORP";103015
PSX;353084;"Phillips 66";107001
UVE;529179;"UNIVERSAL INSURANCE HOLDINGS, INC.";104006
ATR;445832;"Aptargroup Inc";103018
QSR;716651;"Restaurant Brands International Inc.";103003
NWL;378194;"Newell Rubbermaid Co.";102002
K;97995;"KELLOGG CO";102002
GLYC;790345;"GLYCOMIMETICS INC";106002
ZEUS;815280;"OLYMPIC STEEL INC";110007
VRTX;344083;"VERTEX PHARMACEUTICALS INC / MA";106002
ILMN;86933;"ILLUMINA INC";106003
MMC;85544;"MARSH & MCLENNAN COMPANIES, INC.";104003
CCI;378122;"Crown Castle International Corp.";108001
COF;378103;"Capital One Financial";104007
GLPI;447206;"Gaming & Leisure Properties Inc";109001
BRKS;531292;"BROOKS AUTOMATION INC";101004
COR;82753;"CoreSite Realty Corp";109001
WY;57524;"WEYERHAEUSER CO";110002
MOBL;118286;"MOBILEIRON, INC.";
CHTR;378110;"Charter Communications";108001
LSTR;770173;"LANDSTAR SYSTEM INC";100010
OTEX;714157;"OPEN TEXT CORP";101003
CQP;704562;"Cheniere Energy Partners, L.P.";107003
CRTO;884751;"Criteo S.A.";101002
USM;903238;"UNITED STATES CELLULAR CORP";108001
NTGR;591520;"NETGEAR, INC";101005
SLCA;534435;"U.S. SILICA HOLDINGS, INC.";110004
TRUP;640535;"TRUPANION INC.";104013
ALEX;664573;"Alexander & Baldwin, Inc.";109001
COG;378102;"Cabot Oil & Gas";107002
BMRN;135371;"BIOMARIN PHARMACEUTICAL INC";106002
CHE;115043;"CHEMED CORP";106011
FEYE;276492;"FireEye, Inc.";101003
BWXT;914354;"BWX Technologies, Inc.";100008
TCMD;201913;"TACTILE SYSTEMS TECHNOLOGY INC";106004
CORT;724383;"CORCEPT THERAPEUTICS INC";106002
CHGG;987221;"CHEGG, INC";103020
DLB;357388;"Dolby Laboratories, Inc.";103001
ADRO;781554;"ADURO BIOTECH, INC.";106002
FIVN;901361;"Five9, Inc.";101003
TREX;991604;"TREX CO INC";
CNA;446249;"Cna Financial Corp";104006
SXT;134902;"SENSIENT TECHNOLOGIES CORP";110001
NERV;254280;"Minerva Neurosciences, Inc.";106002
NNN;448043;"National Retail Properties Inc";109001
NATI;56422;"NATIONAL INSTRUMENTS CORP";101003
APPF;959861;"APPFOLIO INC";101003
OFLX;728561;"Omega Flex, Inc.";100001
GENC;543904;"GENCOR INDUSTRIES INC";100009
AOS;445771;"Smith A O Corp";100001
KURA;795981;"Kura Oncology, Inc.";106002
WU;378242;"Western Union Co";104007
FELE;124153;"FRANKLIN ELECTRIC CO INC";100001
AME;67669;"AMETEK INC/";100001
ALSN;445706;"Allison Transmission Holdings Inc";103005
SNHY;126033;"SUN HYDRAULICS CORP";100001
INT;344219;"WORLD FUEL SERVICES CORP";107001
VRSK;378235;"Verisk Analytics";100002
ENPH;917156;"Enphase Energy, Inc.";101004
BKH;253495;"BLACK HILLS POWER INC";105001
AMCX;445716;"Amc Networks Inc";103001
ACHC;445598;"Acadia Healthcare Company Inc";106011
COP;378120;ConocoPhillips;107002
SEE;378213;"Sealed Air";103018
FCNCA;446741;"First Citizens Bancshares Inc";104002
EXEL;289286;"EXELIXIS, INC.";106002
USCR;819568;"US CONCRETE INC";110005
VRNS;908839;"VARONIS SYSTEMS INC";101003
FRPT;546551;"Freshpet, Inc.";102002
MCD;243628;"MCDONALDS CORP";103003
PFE;262090;"PFIZER INC";106005
MAT;378187;"Mattel Inc.";103015
ICHR;926863;"ICHOR HOLDINGS, LTD.";
SGMA;231993;"SIGMATRON INTERNATIONAL INC";101001
MLP;776713;"MAUI LAND & PINEAPPLE CO INC";109002
AVT;884659;"AVNET INC";101001
CACI;254661;"CACI INTERNATIONAL INC /DE/";101003
IVDN;258246;"INNOVATIVE DESIGNS INC";103002
CLX;218764;"CLOROX CO /DE/";102002
ACIA;353923;"Acacia Communications, Inc.";101005
FMBH;743187;"FIRST MID ILLINOIS BANCSHARES INC";104002
JOUT;667535;"JOHNSON OUTDOORS INC";103015
LDOS;902720;"Leidos Holdings, Inc.";101003
LGIH;530141;"LGI Homes, Inc.";103013
MHK;333439;"MOHAWK INDUSTRIES INC";103004
COKE;156024;"COCA COLA BOTTLING CO CONSOLIDATED /DE/";102005
LPX;849042;"LOUISIANA-PACIFIC CORP";110005
CTXS;131663;"CITRIX SYSTEMS INC";101003
PRLB;341185;"Proto Labs Inc";100001
XPO;364942;"XPO Logistics, Inc.";100010
JAZZ;364811;"Jazz Pharmaceuticals plc";106002
IMGN;82671;"IMMUNOGEN INC";106002
RIGL;909018;"RIGEL PHARMACEUTICALS INC";106002
NLSN;333689;"Nielsen Holdings plc";100002
QUOT;651172;"Quotient Technology Inc.";103011
TA;133962;"TRAVELCENTERS OF AMERICA LLC";103002
JNPR;385619;"JUNIPER NETWORKS INC";101005
ATKR;368117;"Atkore International Group Inc.";100001
CTS;923326;"CTS CORP";
ARMK;361112;Aramark;103003
IVZ;378170;"Invesco Ltd.";104001
TREE;780144;"LendingTree, Inc.";104002
INCY;671924;"INCYTE CORP";106002
NCR;854994;"NCR CORP";101003
ATI;442346;"Allegheny Technologies Inc.";100001
USNA;741592;"USANA HEALTH SCIENCES INC";102002
DCPH;785694;"Deciphera Pharmaceuticals, Inc.";106002
TSN;138054;"TYSON FOODS INC";102002
BLDR;826504;"Builders FirstSource, Inc.";110005
MMP;918211;"MAGELLAN MIDSTREAM PARTNERS LP";107003
CHRW;378101;"C. H. Robinson Worldwide";100010
SWK;244442;"STANLEY BLACK & DECKER, INC.";100001
CRY;710985;"CRYOLIFE INC";106004
CPSI;497906;"Computer Programs & Systems Inc";101003
ALNY;325251;"ALNYLAM PHARMACEUTICALS, INC.";106002
EPZM;138374;"Epizyme, Inc.";106002
FTI;637893;"TechnipFMC plc";107004
PJT;158528;"PJT Partners Inc.";104003
OLN;448155;"Olin Corp";110001
HBAN;378164;"Huntington Bancshares";104002
CBOE;120616;"CBOE Holdings, Inc.";104003
RRC;110931;"RANGE RESOURCES CORP";107002
LYB;378183;LyondellBasell;110001
PLPC;728955;"PREFORMED LINE PRODUCTS CO";101001
X;721031;"UNITED STATES STEEL CORP";110007
SYK;105030;"STRYKER CORP";106004
MGM;139431;"MGM Resorts International";103015
NAVI;551008;"NAVIENT CORP";104007
BERY;470977;"BERRY GLOBAL GROUP INC";103018
ADP;591496;"AUTOMATIC DATA PROCESSING INC";100002
UNH;367714;"UNITEDHEALTH GROUP INC";106006
SJI;525920;"SOUTH JERSEY INDUSTRIES INC";105001
TXMD;692917;"TherapeuticsMD, Inc.";106005
ATO;445830;"Atmos Energy Corp";105001
BCOR;651518;"BLUCORA, INC.";104001
GTHX;820499;"G1 Therapeutics, Inc.";106002
LC;778892;"LendingClub Corp";104007
AMOT;126799;"ALLIED MOTION TECHNOLOGIES INC";101001
SWM;803493;"SCHWEITZER MAUDUIT INTERNATIONAL INC";110002
IMO;702831;"IMPERIAL OIL LTD";107005
PZZA;352171;"PAPA JOHNS INTERNATIONAL INC";103003
INGR;610276;"Ingredion Inc";102002
CC;536512;"Chemours Co";110001
ALE;445686;"Allete Inc";105001
ANSS;126145;"ANSYS INC";101003
DNOW;558120;"NOW Inc.";107004
CVX;248396;"CHEVRON CORP";107005
FMC;378149;"FMC Corporation";110001
NHTC;511953;"NATURAL HEALTH TRENDS CORP";102002
ROP;119446;"ROPER TECHNOLOGIES INC";100001
GBT;687412;"Global Blood Therapeutics, Inc.";106002
NUVA;110456;"NUVASIVE INC";106004
ACLS;670942;"AXCELIS TECHNOLOGIES INC";101004
MELI;884834;"MERCADOLIBRE INC";103002
RSG;101495;"REPUBLIC SERVICES, INC.";100004
VNO;378237;"Vornado Realty Trust";109001
KLAC;132518;"KLA TENCOR CORP";101004
ROCK;548420;"GIBRALTAR INDUSTRIES, INC.";110005
TTGT;652015;"TechTarget Inc";101002
FFIV;60283;"F5 NETWORKS INC";101003
IAA;968230;"IAA, Inc.";103005
HYH;536304;"Halyard Health, Inc.";106003
EFR;767720;"ENERGY FUELS INC";104001
PBI;378200;Pitney-Bowes;100001
KEY;378174;KeyCorp;104002
TRC;669774;"TEJON RANCH CO";109002
BL;371763;"BLACKLINE, INC.";101003
ASPN;491354;"ASPEN AEROGELS INC";110005
ZEN;747270;"Zendesk, Inc.";101003
AMG;62475;"AFFILIATED MANAGERS GROUP, INC.";104001
ALX;87732;"ALEXANDERS INC";109001
PEG;117316;"PUBLIC SERVICE ENTERPRISE GROUP INC";105001
ALGN;445691;"Align Technology Inc";106004
GPN;182201;"GLOBAL PAYMENTS INC";100002
WLK;700084;"WESTLAKE CHEMICAL CORP";110001
BOKF;344670;"BOK FINANCIAL CORP ET AL";104002
RHI;378208;"Robert Half International";100011
HSIC;378104;"Henry Schein";106014
ANET;536189;"Arista Networks, Inc.";101001
SRE;378214;"Sempra Energy";105001
ALL;68840;"ALLSTATE CORP";104006
WMB;344928;"WILLIAMS COMPANIES INC";107003
BFS;664571;"SAUL CENTERS INC";109001
FII;821505;"FEDERATED INVESTORS INC /PA/";104001
EIGI;74731;"Endurance International Group Holdings, Inc.";101003
D;189087;"DOMINION RESOURCES INC /VA/";105001
PRTS;675964;"U.S. Auto Parts Network, Inc.";103002
EXPD;378143;"Expeditors International";100010
GMED;617302;"GLOBUS MEDICAL INC";106004
COT;727266;"COTT CORP /CN/";102005
FGEN;781665;"FIBROGEN INC";106002
FOLD;143587;"AMICUS THERAPEUTICS INC";106002
EQIX;378138;Equinix;109001
PBYI;668565;"PUMA BIOTECHNOLOGY, INC.";106002
Y;449291;"Alleghany Corp";104006
EXPI;795710;"EXP World Holdings, Inc.";109002
CIT;335466;"CIT GROUP INC";104002
OXFD;124252;"Oxford Immunotec Global PLC";106001
MIC;345220;"Macquarie Infrastructure Corp";100010
AIG;251769;"AMERICAN INTERNATIONAL GROUP INC";104005
BDX;71373;"BECTON DICKINSON & CO";106003
BKNG;261036;"Booking Holdings Inc.";103015
MGEE;703431;"MGE ENERGY INC";105001
CLRB;99062;"Cellectar Biosciences, Inc.";106002
ATRO;683677;"ASTRONICS CORP";100008
IT;447532;"Gartner Inc";101003
WMK;912450;"WEIS MARKETS INC";102001
AAON;919501;"AAON INC";100001
BLKB;445967;"Blackbaud Inc";101003
CXW;949493;"CoreCivic, Inc.";109002
IRM;378171;"Iron Mountain Incorporated";100002
TTMI;626042;"TTM TECHNOLOGIES INC";101001
ABC;187024;"AMERISOURCEBERGEN CORP";106014
SSNC;721918;"SS&C Technologies Holdings Inc";101003
XONE;823071;"ExOne Co";100001
HMHC;651625;"Houghton Mifflin Harcourt Co";102006
IART;447419;"Integra Lifesciences Holdings Corp";106004
NPTN;364355;"NEOPHOTONICS CORP";101004
ENDP;530918;"Endo International plc";106005
LVGO;936620;"Livongo Health, Inc.";101003
MIDD;993573;"MIDDLEBY CORP";
MMS;447855;"Maximus Inc";100002
KTOS;895821;"KRATOS DEFENSE & SECURITY SOLUTIONS, INC.";100007
STOR;534667;"STORE CAPITAL Corp";109001
NLS;958643;"NAUTILUS, INC.";
SAIL;902180;"Sailpoint Technologies Holdings, Inc.";101003
SONO;974898;"Sonos Inc";103001
PATK;745754;"PATRICK INDUSTRIES INC";103004
CATS;495603;"CATASYS, INC.";106011
SRRA;809435;"Sierra Oncology, Inc.";106002
CALA;817563;"Calithera Biosciences, Inc.";106002
MRTX;782022;"Mirati Therapeutics, Inc.";106002
BRX;108186;"Brixmor Property Group Inc.";109001
REAL;978937;"TheRealReal, Inc.";103002
ETSY;469839;"ETSY INC";103002
FORM;931024;"FORMFACTOR INC";101004
CENT;239618;"CENTRAL GARDEN & PET CO";102002
AJG;66898;"GALLAGHER ARTHUR J & CO";104003
IPGP;570971;"IPG PHOTONICS CORP";101004
ITRI;693852;"ITRON INC /WA/";101001
TMUS;515267;"T-Mobile US, Inc.";108001
CASA;1007468;"Casa Systems Inc";
TOCA;809598;"Tocagen Inc";106002
AVEO;809080;"AVEO PHARMACEUTICALS INC";106002
RMD;129653;"RESMED INC";106003
STX;378212;"Seagate Technology";101001
RYN;504942;"RAYONIER INC";110002
IHT;244789;"INNSUITES HOSPITALITY TRUST";109001
BKI;889703;"Black Knight, Inc.";101003
BRKA;71306;"BERKSHIRE HATHAWAY INC";111001
FNB;446814;"FNB Corp";104002
WEC;378244;"Wisconsin Energy Corporation";105001
FIS;88558;"Fidelity National Information Services, Inc.";100002
SHLX;909105;"Shell Midstream Partners, L.P.";107003
MACK;819013;"MERRIMACK PHARMACEUTICALS INC";106002
BK;467599;"Bank of New York Mellon Corp";104001
COMM;446289;"Commscope Holding Company Inc";101005
ALTR;686620;"Altair Engineering Inc.";101003
HFC;684316;"HollyFrontier Corp";107001
FTNT;130256;"FORTINET INC";101003
BMY;255210;"BRISTOL MYERS SQUIBB CO";106005
ZIOP;795980;"ZIOPHARM ONCOLOGY INC";106002
FPRX;378616;"FIVE PRIME THERAPEUTICS INC";106002
BLCM;808260;"BELLICUM PHARMACEUTICALS, INC";106002
SATS;823480;"EchoStar CORP";101005
ABAX;36105;"ABAXIS INC";106001
REZI;918602;"RESIDEO TECHNOLOGIES, INC.";
CLBS;798466;"CALADRIUS BIOSCIENCES, INC.";106002
FTDR;952705;"frontdoor, inc.";103020
ARNA;826177;"ARENA PHARMACEUTICALS INC";106002
VISTRA;708868;"Vistra Energy Corp.";
CMBG;778513;"Cellular Biomedicine Group, Inc.";
PMTC;148538;"PTC INC.";
SIGAQ;942593;"SIGA TECHNOLOGIES INC";
PSEG;687928;"PSEG POWER LLC";105001
C311;858235;"ONCOR ELECTRIC DELIVERY CO LLC";
SWN;401903;"SOUTHWESTERN ENERGY CO";107002
VNE;998442;"Veoneer, Inc.";
NSH;998423;"NuStar GP Holdings, LLC";
TRIP;89539;"TripAdvisor, Inc.";103015
BLFS;148798;"BIOLIFE SOLUTIONS INC";106003
CNNX;208611;"CONE Midstream Partners LP";107003
ATRK;646757;"Star Alliance International Corp.";
SNAP;449958;"Snap Inc";101002
FL;47224;"FOOT LOCKER, INC.";103004
BCLR;996265;"BARCLAY ROAD, INC.";
BCSI;989884;"BLUE COAT SYSTEMS INC";
XLGROUP;903527;"XL GROUP LTD";
C649;897673;"Dialogic Inc.";
ALTMS;806793;"Alta Mesa Holdings, LP";
LOXO;781663;"Loxo Oncology, Inc.";106002
WLT;721686;"Walter Energy, Inc.";
JDAS;721282;"JDA SOFTWARE GROUP INC";
NOIZ;706146;"MICRONETICS INC";
LEVI;705588;"LEVI STRAUSS & CO";103004
CAFD;703803;"8point3 Energy Partners LP";105002
CYNX;689586;"CelLynx Group, Inc.";
AVGO;686523;"Broadcom Inc.";101004
C993;684099;"CONTANGO OIL & GAS CO";100001
EGDS;667762;"WEWARDS, INC.";
CK00011568;667758;"INTELSAT INVESTMENTS S.A.";
DMDW;667739;"DOMAIN MEDIA CORP";
TDRP;667730;"Teardroppers, Inc.";
LOCM;666129;"LOCAL Corp";
XING;663216;"China Xingbang Industry Group Inc.";
SDDL;654647;"DTHERA SCIENCES";
NDMT;653949;"NowNews Digital Media Technology Co. Ltd.";
APEVENT;653863;"LEAFBUYER TECHNOLOGIES, INC.";
CIK0001536;653045;"iVoiceIdeas, Inc.";
BXRO;647330;"Gripevine Inc.";
HOMR;647308;"STEVVA Corp";
CICC;646381;"China Internet Cafe Holdings Group, Inc.";
GASE;646276;"GASE ENERGY, INC.";
DRAD;641822;"DIGIRAD CORP";106004
SNGC;583468;"SOUTHERN NATURAL GAS COMPANY, L.L.C.";
AUDH;574468;"AURORA DIAGNOSTICS HOLDINGS LLC";
DGTC;546987;"DGT Holdings Corp.";
NSSI;515715;"NETWORK 1 TECHNOLOGIES INC";
TOY_delist;509463;"TOYS R US INC";103001
SIMU;495377;"SIMULATIONS PLUS INC";
VNTV;449119;"Vantiv Inc";100002
ELLI;446590;"Ellie Mae Inc";101003
ALTR_delis;442342;"Altera Corp.";101004
MDT_old;378189;"Medtronic INC";106004
CK00007861;368990;"GYMBOREE CORP";
BLUD;337852;"IMMUCOR INC";
DDMG;286073;"Digital Domain Media Group, Inc.";
NPS;243188;"Northern Power Systems Corp.";
PBSV;242378;"Pharma-Bio Serv, Inc.";100002
CK00015503;231124;"BakerCorp International, Inc.";
NCSO;210709;"99 CENTS ONLY STORES LLC";102001
JCG;181659;"J CREW GROUP INC";
CIK0001446;160863;"Macquarie Equipment Leasing Fund, LLC";
CCFI;160245;"Community Choice Financial Inc.";
MTII;146125;"MONITRONICS INTERNATIONAL INC";
TST;122759;"THESTREET, INC.";104003
GTLT;100512;"GTT Communications, Inc.";
ACPW;95192;"ACTIVE POWER INC";
INFOR;64267;"Infor, Inc.";
ARTEC;60673;"Artec Global Media, Inc.";
BV_old;59824;"Bazaarvoice Inc";101003
RCUS;790458;"Arcus Biosciences, Inc.";106002
PGR;378203;"Progressive Corp.";104006
TDG;378229;"TransDigm Group";100008
MATX;885542;"Matson, Inc.";100010
PNC;348075;"PNC FINANCIAL SERVICES GROUP, INC.";104002
NCMI;716509;"National CineMedia, Inc.";103011
O;81605;"REALTY INCOME CORP";109001
DBD;770497;"DIEBOLD NIXDORF, Inc";101003
USFD;365184;"US Foods Holding Corp.";102001
KPTI;786011;"Karyopharm Therapeutics Inc.";106005
NANO;721571;"NANOMETRICS INC";101004
CBB;618601;"CINCINNATI BELL INC";108001
GHC;716648;"Graham Holdings Co";102006
DD;546332;"DUPONT DE NEMOURS, INC.";110001
FRT;378144;"Federal Realty Investment Trust";109001
BWA;70746;"BORGWARNER INC";103005
SQ;83293;"Square, Inc.";101003
GPRE;627777;"Green Plains Inc.";110001
EVFM;988215;"Evofem Biosciences, Inc.";
AEP;66050;"AMERICAN ELECTRIC POWER CO INC";105001
OMI;347188;"OWENS & MINOR INC/VA/";106014
WFC;58953;"WELLS FARGO & COMPANY/MN";104002
AGR;709430;"Avangrid, Inc.";105001
ADS;68960;"ALLIANCE DATA SYSTEMS CORP";104007
LPLA;639823;"LPL Financial Holdings Inc.";104003
MOS;94993;"MOSAIC CO";110003
WGP;745556;"Western Gas Equity Partners, LP";107003
ZION;378250;"Zions Bancorp";104002
MYGN;748224;"MYRIAD GENETICS INC";106001
YUM;98663;"YUM BRANDS INC";103003
AEIS;574583;"ADVANCED ENERGY INDUSTRIES INC";101001
TPR;331230;"Tapestry Inc";103002
DVN;122079;"DEVON ENERGY CORP/DE";107002
GIDYL;146177;"GI DYNAMICS, INC.";
BTU;918412;"PEABODY ENERGY CORP";
CCOH;650825;"Clear Channel Outdoor Holdings, Inc.";
ZGNX;816789;"ZOGENIX, INC.";106005
CDW;683318;"CDW Corp";101003
AWK;168302;"American Water Works Company, Inc.";105001
DISCA;120376;"Discovery Communications, Inc.";103001
CDK;749032;"CDK Global, Inc.";101003
ACM;445606;"Aecom Technology Corp";100003
PKG;448316;"Packaging Corp Of America";103018
RST;985520;"ROSETTA STONE INC";101002
HCP;378162;"HEALTHPEAK PROPERTIES, INC.";109001
BBSI;684470;"BARRETT BUSINESS SERVICES INC";100011
CME;378116;"CME Group Inc.";104003
UPWK;898008;"Upwork Inc.";101002
RUN;148978;"Sunrun Inc.";101004
CVNA;717670;"CARVANA CO.";103002
NI;119873;"NISOURCE INC/DE";105001
DHX;653310;"DHI GROUP, INC.";100011
OPRX;654256;"OptimizeRx Corp";101003
AJX;90767;"Great Ajax Corp.";109001
WR;351692;"WESTAR ENERGY INC /KS";105001
SMG;355003;"SCOTTS MIRACLE-GRO CO";110003
DDD;545133;"3D SYSTEMS CORP";101001
NBIX;447972;"Neurocrine Biosciences Inc";106002
CMP;638470;"COMPASS MINERALS INTERNATIONAL INC";110004
NDAQ;378192;"NASDAQ OMX Group";104003
KRO;726370;"KRONOS WORLDWIDE INC";110001
SPNE;147451;"SeaSpine Holdings Corp";106004
SAVA;989411;"CASSAVA SCIENCES INC";
MNK;365935;"Mallinckrodt plc";106005
JLL;122208;"JONES LANG LASALLE INC";109002
SRPT;749127;"Sarepta Therapeutics, Inc.";106002
ORCL;257930;"ORACLE CORP";101003
MED;951290;"MEDIFAST INC";
RF;378207;"Regions Financial Corp.";104002
LBTYA;670717;"Liberty Global plc";108001
GEO;365061;"GEO GROUP INC";109001
DNKN;101599;"DUNKIN' BRANDS GROUP, INC.";103003
ZTS;378251;Zoetis;106005
FLIR;367930;"FLIR SYSTEMS INC";101001
BABY;497305;"Natus Medical Inc";106004
RDN;750984;"RADIAN GROUP INC";104013
GEL;767446;"GENESIS ENERGY LP";107003
RUBI;683438;"RUBICON PROJECT, INC.";101003
REPR;748002;"REPRO MED SYSTEMS INC";106003
SBAC;100897;"SBA COMMUNICATIONS CORP";108001
BSX;239516;"BOSTON SCIENTIFIC CORP";106004
STAY;448789;"Extended Stay America Inc";103015
NEPH;138152;"NEPHROS INC";106003
IONS;855206;"IONIS PHARMACEUTICALS INC";106002
ETFC;378132;E*Trade;104003
TWI;795301;"TITAN INTERNATIONAL INC";100009
ADMA;976582;"ADMA BIOLOGICS, INC.";
CVS;256275;"CVS HEALTH Corp";106006
EAF;910562;"GRAFTECH INTERNATIONAL LTD";100001
MNKD;486138;"MANNKIND CORP";106002
MKSI;447843;"MKS Instruments Inc";101001
OXY;334205;"OCCIDENTAL PETROLEUM CORP /DE/";107002
GNW;527413;"GENWORTH FINANCIAL INC";104005
CMPR;889944;"CIMPRESS N.V.";103011
SPCE;949272;"Virgin Galactic Holdings, Inc";103015
FTR;388949;"FRONTIER COMMUNICATIONS CORP";108001
TEVA;616649;"TEVA PHARMACEUTICAL INDUSTRIES LTD";106005
JEC;378172;"Jacobs Engineering Group";100003
HI;361523;"Hillenbrand, Inc.";100001
ODFL;782146;"OLD DOMINION FREIGHT LINE INC/VA";100010
EEFT;484269;"EURONET WORLDWIDE INC";100002
VSTM;135964;"Verastem, Inc.";106002
HGR;626019;"HANGER, INC.";
IBOC;369401;"INTERNATIONAL BANCSHARES CORP";104002
SPPI;53529;"SPECTRUM PHARMACEUTICALS INC";106002
SNH;448715;"Senior Housing Properties Trust";109001
LUNA;816577;"LUNA INNOVATIONS INC";101001
THS;532132;"TreeHouse Foods, Inc.";102002
H;133448;"Hyatt Hotels Corp";103015
NE;134105;"Noble Corp plc";107006
ADT;54871;"ADT Inc.";101001
HIL;420734;"Hill International, Inc.";100002
CHRS;540930;"Coherus BioSciences, Inc.";106002
CBS;378106;"CBS Corp.";103001
PRSC;492538;"PROVIDENCE SERVICE CORP";106011
RYAM;124551;"RAYONIER ADVANCED MATERIALS INC.";110001
HOG;378159;Harley-Davidson;103005
CLNE;260313;"Clean Energy Fuels Corp.";107001
ALRM;819790;"Alarm.com Holdings, Inc.";101003
AGLE;640634;"Aeglea BioTherapeutics, Inc.";106002
LSXMA;629561;"Liberty Media Corp";103001
EPAM;923418;"EPAM Systems, Inc.";100002
AYX;695370;"Alteryx, Inc.";101003
AE;191518;"ADAMS RESOURCES & ENERGY, INC.";107005
USB;378231;"U.S. Bancorp";104002
SRCL;101113;"STERICYCLE INC";100004
MITK;369106;"MITEK SYSTEMS INC";101003
LAMR;143321;"LAMAR ADVERTISING CO/NEW";109001
AVXL;436223;"ANAVEX LIFE SCIENCES CORP.";106002
HLF;335043;"HERBALIFE LTD.";102002
OPHT;131911;"Ophthotech Corp.";106002
MTB;335339;"M&T BANK CORP";104002
HWC;734515;"HANCOCK WHITNEY CORP";104002
COLM;446285;"Columbia Sportswear Co";103004
OLED;933165;"UNIVERSAL DISPLAY CORP \PA\";101004
ECL;378133;"Ecolab Inc.";110001
SEDG;847001;"SolarEdge Technologies Inc";101004
INTL;728087;"INTL FCSTONE INC.";104003
SPH;998424;"SUBURBAN PROPANE PARTNERS LP";
TCX;651784;"TUCOWS INC /PA/";101002
EQR;421306;"Equity Residential";109001
WTS;816791;"WATTS WATER TECHNOLOGIES INC";100001
ARNC;195506;Arconic;100001
ENG;58098;"ENGLOBAL CORP";100003
QVC;430403;"QVC INC";
HII;903401;"HUNTINGTON INGALLS INDUSTRIES, INC.";100008
ITCI;825240;"Intra-Cellular Therapies, Inc.";106002
VC;1009194;"VISTEON CORP";100003
Golf;370220;"Acushnet Holdings Corp.";103015
XEL;378246;"Xcel Energy Inc";105001
VRX;542074;"Valeant Pharmaceuticals International, Inc.";106005
AAWW;762204;"ATLAS AIR WORLDWIDE HOLDINGS INC";100010
DISH;741324;"DISH Network CORP";108001
LKQ;124743;"LKQ CORP";103005
TRGP;625570;"Targa Resources Corp.";107003
KAR;123411;"KAR Auction Services, Inc.";103002
CTMX;789985;"CytomX Therapeutics, Inc.";106002
SHLL;998432;"Tortoise Acquisition Corp.";
RGA;448474;"Reinsurance Group Of America Inc";104013
ED;378121;"Consolidated Edison";105001
AMTD;356477;"TD AMERITRADE HOLDING CORP";104003
CTL;373834;"CENTURYLINK, INC";108001
SWX;448826;"Southwest Gas Corp";105001
WELL;378241;"Welltower Inc.";109001
NRG;378196;"NRG Energy";105002
MRO;378185;"Marathon Oil Corp.";107002
CWEN;904225;"Clearway Energy, Inc.";105001
PDFS;606334;"PDF SOLUTIONS INC";101003
NC;528497;"NACCO INDUSTRIES INC";110006
TAST;625660;"CARROLS RESTAURANT GROUP, INC.";103003
RLGY;447285;"Realogy Group LLC";109002
TPX;686753;"TEMPUR SEALY INTERNATIONAL, INC.";103004
CF;119051;"CF Industries Holdings, Inc.";110003
PCRX;982111;"Pacira BioSciences, Inc.";106001
ARWR;952053;"ARROWHEAD PHARMACEUTICALS, INC.";106002
NVR;896899;"NVR INC";103013
CCOI;125781;"COGENT COMMUNICATIONS HOLDINGS, INC.";108001
ENR;674540;"ENERGIZER HOLDINGS, INC.";101001
ATNX;785769;"Athenex, Inc.";106002
MPC;353184;"Marathon Petroleum Corp";107001
GTXI;796059;"GTX INC /DE/";106002
IPI;260195;"Intrepid Potash, Inc.";110003
ASYS;819674;"AMTECH SYSTEMS INC";101004
PHX;371566;"PANHANDLE OIL & GAS INC";107002
IDCC;549215;"InterDigital, Inc.";108001
CNP;378108;"CenterPoint Energy";105001
EOG;100699;"EOG RESOURCES INC";107002
NKSH;129536;"NATIONAL BANKSHARES INC";104002
AAP;184955;"ADVANCE AUTO PARTS INC";103002
LOPE;760533;"Grand Canyon Education, Inc.";102006
Cost;217867;"COSTCO WHOLESALE CORP /NEW";102001
KR;258154;"KROGER CO";102001
BC;121407;"BRUNSWICK CORP";103015
LRCX;101897;"LAM RESEARCH CORP";101004
HCCI;861202;"Heritage-Crystal Clean, Inc.";100001
CSII;178927;"Cardiovascular Systems Inc";106004
LQDT;533622;"LIQUIDITY SERVICES INC";103002
FNKO;694474;"Funko, Inc.";103015
KOPN;807728;"KOPIN CORP";101004
AKR;664572;"ACADIA REALTY TRUST";109001
VDSI;147770;"VASCO DATA SECURITY INTERNATIONAL INC";101003
HEAR;817639;"Turtle Beach Corp";101005
MRNA;917766;"Moderna, Inc.";106002
DLPH;928642;"Delphi Technologies PLC";103005
PYX;825788;"PYXUS INTERNATIONAL, INC.";102003
FLO;531177;"FLOWERS FOODS INC";102002
GLGI;178127;"GREYSTONE LOGISTICS, INC.";
DPZ;338660;"DOMINOS PIZZA INC";103003
TSRI;333363;"TSR INC";101003
EAT;980378;"BRINKER INTERNATIONAL, INC";103003
CREE;178872;"CREE INC";101004
AIT;253867;"APPLIED INDUSTRIAL TECHNOLOGIES INC";100005
OSIS;344473;"OSI SYSTEMS INC";101001
PFGC;180458;"Performance Food Group Co";102001
MRCY;166196;"MERCURY SYSTEMS INC";101001
MXIM;153611;"MAXIM INTEGRATED PRODUCTS INC";101004
SYNA;260659;"SYNAPTICS Inc";101003
CBG;378105;"CBRE Group";109002
TPIC;180206;"TPI COMPOSITES, INC";100001
ZG;647182;"ZILLOW GROUP, INC.";109002
BV;977402;"BrightView Holdings, Inc.";100002
CFG;378202;"Citizens Financial Group";104002
TSCO;378228;"Tractor Supply Company";103002
CSGS;366036;"CSG SYSTEMS INTERNATIONAL INC";101003
CRL;187129;"CHARLES RIVER LABORATORIES INTERNATIONAL INC";106001
OSTK;176064;"OVERSTOCK.COM, INC";103002
TROV;798464;"Trovagene, Inc.";106001
BGSF;346052;"BG Staffing, Inc.";100011
SRLP;918357;"Sprague Resources LP";
FOX;885908;"Fox Corp";103001
TBIO;941303;"Translate Bio, Inc.";
AL;182952;"AIR LEASE CORP";100007
HES;378163;"Hess Corporation";107002
WFT;117829;"Weatherford International plc";107004
HRS;248838;"HARRIS CORP /DE/";101005
LGCY;795422;"Legacy Reserves Inc.";107002
IFON;689587;"Cool Holdings, Inc.";101005
JACK;682281;"JACK IN THE BOX INC /NEW/";103003
VFC;330907;"V F CORP";103004
AVA;703252;"AVISTA CORP";105001
BLK;914;"BlackRock, Inc.";104001
LITE;183087;"Lumentum Holdings Inc.";101005
TWIN;231580;"TWIN DISC INC";100001
PINC;448306;"Premier Inc";101003
LNC;243942;"LINCOLN NATIONAL CORP";104004
SYRS;807944;"Syros Pharmaceuticals, Inc.";106002
RGNX;778666;"REGENXBIO Inc.";106002
ANGI;647538;"ANGI Homeservices Inc.";101002
NGVC;941589;"Natural Grocers by Vitamin Cottage, Inc.";
LGND;898544;"LIGAND PHARMACEUTICALS INC";106002
UBER;914943;"Uber Technologies, Inc";103015
TRHC;494892;"Tabula Rasa HealthCare, Inc.";101003
LTRPA;651624;"Liberty TripAdvisor Holdings, Inc.";101002
BH;995149;"Biglari Holdings Inc.";
BLL;247618;"BALL CORP";103018
WTR;449267;"Aqua America Inc";105001
DBX;808182;"DROPBOX, INC.";101003
OVV;980326;"Ovintiv Inc.";107002
GNTX;327200;"GENTEX CORP";103005
LEA;610198;"LEAR CORP";103005
IAC;647051;IAC/INTERACTIVECORP;101002
KIM;378175;"Kimco Realty";109001
NKTR;526216;"NEKTAR THERAPEUTICS";106002
EPD;469948;"ENTERPRISE PRODUCTS PARTNERS L P";107003
RP;243720;"REALPAGE INC";101003
HOMB;447371;"Home Bancshares Inc";104002
CVSI;150939;"CV Sciences, Inc.";
NWS;160346;"NEWS CORP";103001
SUP;826868;"SUPERIOR INDUSTRIES INTERNATIONAL INC";103005
ICUI;550676;"ICU MEDICAL INC/DE";106003
GRA;127797;"W R GRACE & CO";110001
PNFP;783539;"PINNACLE FINANCIAL PARTNERS INC";104002
ARAY;173115;"ACCURAY INC";106004
FET;124637;"FORUM ENERGY TECHNOLOGIES, INC.";107004
UPLD;668870;"Upland Software, Inc.";101003
UBNT;503387;"Ubiquiti Networks, Inc.";101005
EVOP;977613;"EVO Payments, Inc.";
NBL;249388;"NOBLE ENERGY INC";107002
UTMD;515633;"UTAH MEDICAL PRODUCTS INC";106003
FISV;378146;"Fiserv Inc";100002
OMCL;495083;"OMNICELL, Inc";101003
PODD;349262;"INSULET CORP";106003
PBH;641370;"Prestige Brands Holdings, Inc.";106014
UIHC;774910;"UNITED INSURANCE HOLDINGS CORP.";104006
SONS;909370;"Ribbon Communications Inc.";108001
SABR;980330;"Sabre Corp";100002
MVIS;815811;"MICROVISION, INC.";101001
AGCO;365265;"AGCO CORP /DE";100009
NUAN;448077;"Nuance Communications Inc";101003
XLNX;396684;"XILINX INC";101004
YELP;440174;YELP;101002
NYT;647918;"NEW YORK TIMES CO";103026
SEAS;785588;"SeaWorld Entertainment, Inc.";103015
ENV;978454;"ENVESTNET, INC.";101003
BBT;245217;"BB&T CORP";104002
SMLP;890067;"Summit Midstream Partners, LP";107003
OUT;706846;"OUTFRONT Media Inc.";109001
ITW;378165;"Illinois Tool Works";100001
XNCR;781832;"Xencor Inc";106002
DXPE;674720;"DXP ENTERPRISES INC";100005
SAFT;250043;"SAFETY INSURANCE GROUP INC";104006
SERV;749230;"SERVICEMASTER GLOBAL HOLDINGS INC";100002
EVBG;914618;"EVERBRIDGE, INC.";101003
HRTG;640779;"Heritage Insurance Holdings, Inc.";104006
FHB;210774;"FIRST HAWAIIAN, INC.";104002
AXTI;704072;"AXT INC";101004
BHE;95106;"BENCHMARK ELECTRONICS INC";101001
UHS;378232;"Universal Health Services, Inc.";106011
LSI;901127;"LIFE STORAGE, INC.";109001
AGO;601095;"ASSURED GUARANTY LTD";104013
AAOI;671827;"APPLIED OPTOELECTRONICS, INC.";101004
ANDE;783409;"Andersons, Inc.";102001
OTTR;703658;"Otter Tail Corp";105001
CCMP;927135;"CABOT MICROELECTRONICS CORP";101004
SVMK;997480;"SVMK Inc.";
TMO;372802;"THERMO FISHER SCIENTIFIC INC.";106001
SYY;247719;"SYSCO CORP";102001
PH;354246;"PARKER HANNIFIN CORP";100001
TMK;378226;"Torchmark Corp.";104004
IO;905324;"ION GEOPHYSICAL CORP";107004
AES;62329;"AES CORP";105001
AUTO;445589;"AutoWeb, Inc.";101002
DVAX;138695;"DYNAVAX TECHNOLOGIES CORP";106002
CARG;645427;"CarGurus, Inc.";101002
GWRS;761716;"Global Water Resources, Inc.";105001
VSLR;809892;"Vivint Solar, Inc.";101004
LEG;378178;"Leggett & Platt";103004
ACGL;445596;"Arch Capital Group LTD";104013
CPT;446323;"Camden Property Trust";109001
FCX;378154;"Freeport-McMoran Cp & Gld";110004
LH;378177;"Laboratory Corp. of America Holding";106001
HST;346970;"HOST HOTELS & RESORTS, INC.";109001
CNS;820401;"COHEN & STEERS INC";104001
BGCP;625540;"BGC Partners, Inc.";104003
GPOR;785453;"GULFPORT ENERGY CORP";107002
ESS;378140;"Essex Property Trust Inc";109001
MDRX;495816;"ALLSCRIPTS HEALTHCARE SOLUTIONS, INC.";101003
GLP;861498;"GLOBAL PARTNERS LP";107003
MUR;333627;"MURPHY OIL CORP /DE";107002
CWH;744377;"Camping World Holdings, Inc.";103005
NTRA;149288;"Natera, Inc.";106001
SKYW;861606;"SKYWEST INC";100006
FITB;378145;"Fifth Third Bancorp";104002
PPL;26853;"PPL Corp";105001
LHCG;693030;"LHC Group, Inc";106011
WIFI;651519;"BOINGO WIRELESS INC";108001
FSLY;996256;"Fastly, Inc.";
SSP;688615;"E.W. SCRIPPS Co";103001
EWBC;335579;"EAST WEST BANCORP INC";104002
PWR;378205;"Quanta Services Inc.";100003
UFS;890747;"Domtar CORP";110002
AIZ;66661;"ASSURANT INC";104005
PACW;537548;"PACWEST BANCORP";104002
AAXN;493957;"AXON ENTERPRISE, INC.";100008
EXR;130051;"Extra Space Storage Inc.";109001
IPHI;923419;"INPHI Corp";101004
AXL;980335;"AMERICAN AXLE & MANUFACTURING HOLDINGS INC";
JKHY;447566;"Henry Jack & Associates Inc";100002
LVLT;378179;"Level 3 Communications";108001
OHI;531049;"OMEGA HEALTHCARE INVESTORS INC";109001
UPS;106423;"UNITED PARCEL SERVICE INC";100010
TLND;923420;"Talend SA";
MAN;348449;"ManpowerGroup Inc.";100011
PSDV;232734;"pSivida Corp.";106005
TTD;650768;"Trade Desk, Inc.";101003
PNW;327292;"PINNACLE WEST CAPITAL CORP";105001
BIO;130356;"BIO RAD LABORATORIES INC";106001
BX;498254;"Blackstone Group L.P.";104001
IEP;980333;"ICAHN ENTERPRISES L.P.";104001
EXC;378142;"Exelon Corp.";105001
LNT;119577;"ALLIANT ENERGY CORP";105001
SCHW;378109;"Charles Schwab Corporation";104003
LYFT;939173;"Lyft, Inc.";101003
ORLY;334679;"O REILLY AUTOMOTIVE INC";103002
MSI;333970;"Motorola Solutions, Inc.";101005
GEOS;357500;"GEOSPACE TECHNOLOGIES CORP";107004
AKAM;69211;"AKAMAI TECHNOLOGIES INC";101003
DLX;639822;"DELUXE CORP";100002
CNDT;716302;"CONDUENT Inc";100002
BNFT;967945;"Benefitfocus, Inc.";101002
TR;527072;"TOOTSIE ROLL INDUSTRIES INC";102002
NSHI;148446;"NorthStar Healthcare Income, Inc.";
TVTY;895523;"TIVITY HEALTH, INC.";106011
RES;448466;"RPC Inc";107004
LG;627776;"SPIRE INC";105001
POST;625659;"Post Holdings, Inc.";102002
LANC;253076;"LANCASTER COLONY CORP";102002
KE;175788;"Kimball Electronics, Inc.";101001
PAHC;177507;"PHIBRO ANIMAL HEALTH CORP";106005
WDC;250582;"WESTERN DIGITAL CORP";101001
PAYS;921205;"Paysign, Inc.";100002
BR;143497;"BROADRIDGE FINANCIAL SOLUTIONS, INC.";100002
DK;823947;"Delek US Holdings, Inc.";107001
SKX;176359;"SKECHERS USA INC";103004
NXST;650370;"NEXSTAR MEDIA GROUP, INC.";103001
CUBE;117529;CubeSmart;109001
MRSN;808876;"Mersana Therapeutics, Inc.";106002
FCPT;623532;"Four Corners Property Trust, Inc.";109001
PACB;81196;"PACIFIC BIOSCIENCES OF CALIFORNIA, INC.";106001
ISBC;641029;"Investors Bancorp, Inc.";104002
AVB;66223;"AVALONBAY COMMUNITIES INC";109001
AMH;445723;"American Homes 4 Rent";109001
PVAC;359467;"PENN VIRGINIA CORP";107002
SMED;179660;"SHARPS COMPLIANCE CORP";100004
CLCT;512060;"COLLECTORS UNIVERSE INC";100002
LCI;600871;"LANNETT CO INC";106005
UFI;249809;"UNIFI INC";103013
EVC;652141;"ENTRAVISION COMMUNICATIONS CORP";103001
ANF;188522;"ABERCROMBIE & FITCH CO /DE/";103002
CTIC;809274;"CTI BIOPHARMA CORP";106002
TSRO;349753;"TESARO, Inc.";106002
BREW;63411;"CRAFT BREW ALLIANCE, INC.";102004
MGNX;790123;"MACROGENICS INC";106002
MEET;652598;"Meet Group, Inc.";101002
TDOC;963383;"Teladoc Health, Inc.";106011
MSGO;660196;"Mister Goody, Inc.";
ALV;104657;"AUTOLIV INC";103005
PETM;953585;"PETSMART INC";103002
DATA;711049;"Tableau Software Inc";101003
REGN;378206;Regeneron;106002
ARLP;786231;"ALLIANCE RESOURCE PARTNERS LP";110006
GH;882847;"Guardant Health, Inc.";106001
ES;378141;"Eversource Energy";105001
MTSI;358330;"MACOM Technology Solutions Holdings, Inc.";101004
FRGI;625539;"Fiesta Restaurant Group, Inc.";103003
PLCE;737152;"Childrens Place, Inc.";103002
GWGH;734810;"GWG Holdings, Inc.";104004
PRGB;167827;"Protea Biosciences Group, Inc.";
ACAD;445591;"Acadia Pharmaceuticals Inc";106002
MRAM;906016;"EVERSPIN TECHNOLOGIES INC";101004
PMD;512201;"PSYCHEMEDICS CORP";106001
PURE;53064;"PURE BIOSCIENCE, INC.";102002
AREX;919131;"Approach Resources Inc";107002
SLNM;69772;"SALON MEDIA GROUP INC";
SYMC;427444;"SYMANTEC CORP";101003
BBBY;60362;"BED BATH & BEYOND INC";103002
NLST;164920;"NETLIST INC";101004
HRC;357864;"Hill-Rom Holdings, Inc.";106003
MFON;714287;"MOBIVITY HOLDINGS CORP.";
PEN;920930;"Penumbra Inc";106004
TMDX;963380;"TransMedics Group, Inc.";106001
CNSL;897291;"Consolidated Communications Holdings, Inc.";108001
PANW;199345;"Palo Alto Networks Inc";101003
ACRX;113247;"ACELRX PHARMACEUTICALS INC";106004
WFX;849434;"Chatham Lodging Trust";
XOG;863612;"Extraction Oil & Gas, Inc.";107002
PRPL;978141;"Purple Innovation, Inc.";
REI;942590;"RING ENERGY, INC.";
CLAR;569146;"Clarus Corp";103015
CSOD;747052;"Cornerstone OnDemand Inc";101003
NP;743399;"Neenah Inc";110002
PTE;184064;PolarityTE;106002
ROKU;617783;"ROKU, INC";103001
ARCB;822441;"ARCBEST CORP /DE/";100010
NVAX;826389;"NOVAVAX INC";106002
WATT;816792;"Energous Corp";101001
PUB;363174;"People's Utah Bancorp";104002
STLD;978926;"STEEL DYNAMICS INC";110007
BSTC;822442;"BIOSPECIFICS TECHNOLOGIES CORP";106002
BJRI;537369;"BJs RESTAURANTS INC";103003
MPWR;118204;"MONOLITHIC POWER SYSTEMS INC";101004
MBWM;815912;"MERCANTILE BANK CORP";104002
FBIO;818687;"Fortress Biotech, Inc.";106002
CSPR;1011102;"Casper Sleep Inc.";
BRBR;1011103;"BELLRING BRANDS, INC.";
SCPL;1011098;"SciPlay Corp";
PLUG;1011101;"PLUG POWER INC";
MET;380562;"METLIFE INC";104004
HTZ;536728;"HERTZ CORP";103015
AVP;335142;"AVON PRODUCTS INC";102002
QNST;168827;"QUINSTREET, INC";101002
G;446906;"Genpact LTD";100002
SSC;739951;"Seven Stars Cloud Group, Inc.";101003
ETE;767563;"Energy Transfer LP";107003
CCXI;795982;"ChemoCentryx, Inc.";106002
TECH;176917;"BIO-TECHNE Corp";106002
BYD;899361;"BOYD GAMING CORP";103015
IMMY;703115;"Imprimis Pharmaceuticals, Inc.";106005
GLUU;85988;"GLU MOBILE INC";101003
MMI;134979;"Marcus & Millichap, Inc.";109002
IPAR;853111;"INTER PARFUMS INC";102002
LARK;130464;"LANDMARK BANCORP INC";104002
ZYNE;901704;"Zynerba Pharmaceuticals, Inc.";106002
EPAY;989883;"BOTTOMLINE TECHNOLOGIES INC /DE/";101003
SIVB;708168;"SVB FINANCIAL GROUP";104002
EMN;122948;"EASTMAN CHEMICAL CO";110001
RNG;355550;"RingCentral Inc";101003
VRS;548204;"Verso Corp";110002
ARA;84598;"American Renal Associates Holdings, Inc.";106001
AAMC;847094;"Altisource Asset Management Corp";104001
UMRX;808945;"Unum Therapeutics Inc.";106002
TLRY;816689;"Tilray, Inc.";106005
EHTH;979798;"eHealth, Inc.";104005
ETH;993675;"ETHAN ALLEN INTERIORS INC";
Mac;378184;Macerich;109001
SGMO;773304;"SANGAMO THERAPEUTICS, INC";106002
MAR;98192;"MARRIOTT INTERNATIONAL INC /MD/";103015
AHS;683491;"AMN HEALTHCARE SERVICES INC";100011
FLT;740486;"FLEETCOR TECHNOLOGIES INC";100002
KKR;805180;"KKR & Co. Inc.";104001
EBIO;818918;"Sesen Bio, Inc.";106002
SFBC;158885;"Sound Financial Bancorp, Inc.";104002
GRUB;433759;"GrubHub Inc.";101002
LPSN;975527;"LIVEPERSON INC";101003
SGA;652364;"SAGA COMMUNICATIONS INC";103001
DS;816790;"Drive Shack Inc.";103015
NSPR;143799;"InspireMD, Inc.";106004
MYL;333504;"Mylan N.V.";106005
BGNE;734219;"BeiGene, Ltd.";106002
TUSK;825691;"MAMMOTH ENERGY SERVICES, INC.";107005
UNIT;990739;"Uniti Group Inc.";109001
ALCO;798086;"ALICO INC";102002
IFF;378169;"Intl Flavors & Fragrances";110001
JUVF;141652;"JUNIATA VALLEY FINANCIAL CORP";
RDNT;143984;"RadNet, Inc.";106001
TDC;378223;"Teradata Corp.";101001
WRI;449242;"Weingarten Realty Investors";109001
ELY;434282;"CALLAWAY GOLF CO";103015
MNST;333441;"Monster Beverage Corp";102005
TGTX;785880;"TG THERAPEUTICS, INC.";106002
CYCC;899362;"Cyclacel Pharmaceuticals, Inc.";106002
AC;919941;"Associated Capital Group, Inc.";
CRIS;168118;"CURIS INC";106002
JSDA;727078;"JONES SODA CO";102005
ELMD;187864;"Electromed, Inc.";106004
FTEK;144208;"FUEL TECH, INC.";100001
PESI;664574;"PERMA FIX ENVIRONMENTAL SERVICES INC";100004
FCCN;662524;"SPECTRAL CAPITAL Corp";
REED;727073;"REED'S, INC.";102005
BYND;917697;"BEYOND MEAT, INC.";102002
TBTC;263057;"TABLE TRAC INC";103001
RAIL;543593;"FreightCar America, Inc.";100010
SURF;808799;"Surface Oncology, Inc.";106002
DDOG;963381;"Datadog, Inc.";101003
AVIR;625536;"Vaxart, Inc.";106002
NOVT;728364;"NOVANTA INC";101001
BTAI;818572;"BioXcel Therapeutics, Inc.";106002
GO;998534;"Grocery Outlet Holding Corp.";
CUB;727716;"CUBIC CORP /DE/";100008
MTEM;778777;"Molecular Templates, Inc.";106002
PKI;378197;PerkinElmer;106001
VAR;361284;"VARIAN MEDICAL SYSTEMS INC";106004
ARCI;165913;"APPLIANCE RECYCLING CENTERS OF AMERICA INC /MN";103002
KANP;275886;"KAANAPALI LAND LLC";
CELH;986557;"Celsius Holdings, Inc.";102005
BSQR;101318;"BSQUARE CORP /WA";101003
AVNW;208290;"AVIAT NETWORKS, INC.";101005
VEC;710316;"Vectrus, Inc.";100002
SSNT;511627;"SilverSun Technologies, Inc.";101003
LEATPK;155590;"Leatt Corp";
CPN;113443;"CALPINE CORP";105002
INTT;645323;"INTEST CORP";101004
ALT;511510;"Altimmune, Inc.";106002
HTGM;702606;"HTG MOLECULAR DIAGNOSTICS, INC";106001
APVO;819111;"Aptevo Therapeutics Inc.";106002
UG;512245;"UNITED GUARDIAN INC";102002
AMDA;498391;"AMEDICA Corp";106004
AYR;825458;"Aircastle LTD";100007
RKDA;824887;"Arcadia Biosciences, Inc.";110003
RWC;546874;"RELM WIRELESS CORP";101005
PGTI;127570;"PGT, Inc.";110005
CNFR;847219;"Conifer Holdings, Inc.";104006
SVT;250129;"SERVOTRONICS INC /DE/";101001
VERU;370817;"FEMALE HEALTH CO";106005
SPRT;533572;"Support.com, Inc.";101003
SPXF;918101;"SPX FLOW, Inc.";
NUE;334772;"NUCOR CORP";110007
EFOI;807596;"ENERGY FOCUS, INC/DE";103004
ULH;682408;"UNIVERSAL LOGISTICS HOLDINGS, INC.";100010
AWX;129218;"AVALON HOLDINGS CORP";100004
SOLY;987539;"Soliton, Inc.";106001
SMID;362372;"SMITH MIDLAND CORP";
ALPN;819011;"ALPINE IMMUNE SCIENCES, INC.";106002
CDR;664567;"CEDAR REALTY TRUST, INC.";109001
RGLS;768206;"Regulus Therapeutics Inc.";106002
ESDI;646929;"Eastside Distilling, Inc.";102004
HNNA;366890;"HENNESSY ADVISORS INC";104001
CETX;178699;"CEMTREX INC";100001
SFAR;152617;"Steadfast Apartment REIT, Inc.";
SOFO;374032;"SONIC FOUNDRY INC";101003
ADIL;807531;"ADIAL PHARMACEUTICALS, INC.";106002
XPEL;969955;"XPEL, Inc.";103005
SDON;996255;"SANDSTON CORP";
LGL;528980;"LGL GROUP INC";101001
MHH;160053;"Mastech Holdings, Inc.";100011
MARA;914944;"Marathon Patent Group, Inc.";
VTR;398980;"VENTAS INC";109001
PXD;378199;"Pioneer Natural Resources";107002
WYNN;378245;"Wynn Resorts Ltd";103015
SCOR;896179;"COMSCORE, INC.";103011
FSLR;260908;"FIRST SOLAR, INC.";101004
PRU;78741;"PRUDENTIAL FINANCIAL INC";104004
SBGI;132115;"SINCLAIR BROADCAST GROUP INC";103001
HALO;365463;"HALOZYME THERAPEUTICS INC";106002
CPS;530203;"Cooper-Standard Holdings Inc.";103005
GDOT;786096;"GREEN DOT CORP";104007
BHF;696260;"Brighthouse Financial, Inc.";104004
SLG;127650;"SL GREEN REALTY CORP";109001
OCN;544026;"OCWEN FINANCIAL CORP";104002
RUSHA;909600;"RUSH ENTERPRISES INC \TX\";103005
RFP;717558;"Resolute Forest Products Inc.";110002
NJR;511242;"NEW JERSEY RESOURCES CORP";105001
FOE;350054;"FERRO CORP";110001
PCTI;919132;"PC TEL INC";
XBIT;156298;"XBiotech Inc.";106002
ALSK;899013;"ALASKA COMMUNICATIONS SYSTEMS GROUP INC";108001
GWPH;953793;"GW PHARMACEUTICALS PLC";106005
TSC;988504;"TriState Capital Holdings, Inc.";104002
NVTA;963379;"Invitae Corp";106011
COTY;376164;"COTY INC.";102002
ZHNE;202955;"ZHONE TECHNOLOGIES INC";
SPG;111127;"SIMON PROPERTY GROUP INC /DE/";109001
IBKR;718957;"Interactive Brokers Group, Inc.";104003
PGC;726431;"PEAPACK GLADSTONE FINANCIAL CORP";104002
AEE;68703;"AMEREN CORP";105001
TGNA;378222;Tegna;103001
HMTV;652016;"HEMISPHERE MEDIA GROUP, INC.";108001
EBIX;147655;"EBIX INC";101003
EGY;699964;"VAALCO ENERGY INC /DE/";107002
AFG;485236;"AMERICAN FINANCIAL GROUP INC";104006
TEN;534666;"TENNECO INC";103005
JCOM;625587;"J2 GLOBAL, INC.";101003
AAME;450021;"ATLANTIC AMERICAN CORP";104004
AMP;67872;"AMERIPRISE FINANCIAL INC";104001
SRNE;133865;"Sorrento Therapeutics, Inc.";106002
REV;639819;"REVLON INC /DE/";102002
ABCB;919504;"Ameris Bancorp";104002
ETR;354347;"ENTERGY CORP /DE/";105001
HNRG;684673;"HALLADOR ENERGY CO";110006
HCHC;625571;"HC2 HOLDINGS, INC.";108001
RCII;515845;"RENT A CENTER INC DE";100007
BXP;70579;"BOSTON PROPERTIES INC";109001
ADES;619745;"Advanced Emissions Solutions, Inc.";100001
STBA;347280;"S&T BANCORP INC";104002
CASI;877522;"CASI Pharmaceuticals, Inc.";106002
CLR;101392;"CONTINENTAL RESOURCES, INC";107002
ON;136025;"ON SEMICONDUCTOR CORP";101004
ICPT;72077;"INTERCEPT PHARMACEUTICALS INC";106002
TRUE;81812;"TrueCar, Inc.";101002
BFAM;132997;"BRIGHT HORIZONS FAMILY SOLUTIONS INC.";103020
PDLI;533398;"PDL BIOPHARMA, INC.";106002
AEHR;178053;"AEHR TEST SYSTEMS";101004
CHK;378111;"Chesapeake Energy";107002
EL;172930;"ESTEE LAUDER COMPANIES INC";102002
PK;641161;"Park Hotels & Resorts Inc.";109001
TTOO;728864;"T2 Biosystems, Inc.";106001
PLNT;948485;"Planet Fitness, Inc.";103020
CK00016800;809799;"MUSTANG BIO, INC.";
WWD;449272;"Woodward Inc";100008
ALB;132877;"ALBEMARLE CORP";110001
XEC;378115;"Cimarex Energy";107002
RE;741323;"EVEREST RE GROUP LTD";104013
LTHM;920443;"Livent Corp.";
AP;995247;"AMPCO PITTSBURGH CORP";
SMSI;504067;"SMITH MICRO SOFTWARE INC";101003
NK;786262;"NantKwest, Inc.";106002
BLUE;787981;"bluebird bio, Inc.";106002
NEOS;160118;"Neos Therapeutics, Inc.";106005
PBCT;335764;"People's United Financial, Inc.";104002
NET;961018;"Cloudflare, Inc.";101003
VGR;726203;"VECTOR GROUP LTD";102003
AGNC;445654;"American Capital Agency Corp";109001
CAH;159950;"CARDINAL HEALTH INC";106014
NATR;687929;"NATURES SUNSHINE PRODUCTS INC";102002
FSCT;897042;"FORESCOUT TECHNOLOGIES, INC";101003
FORR;506742;"FORRESTER RESEARCH, INC.";100002
SHO;448662;"Sunstone Hotel Investors Inc";109001
EB;909936;"Eventbrite, Inc.";101003
XRAY;378126;"Dentsply Sirona";106003
" AVLR";989057;"AVALARA, INC.";
AA;367153;"Alcoa Corp";110004
UA;80553;"Under Armour, Inc.";103004
VTIQ;996264;"Nikola Corp";
RICK;100383;"RCI HOSPITALITY HOLDINGS, INC.";103003
CFMS;613117;"ConforMIS Inc";106003
ZBH;378249;"Zimmer Biomet Holdings";106004
SDPI;745554;"Superior Drilling Products, Inc.";107004
RESI;137841;"Altisource Residential Corp";104001
ALRN;815574;"AILERON THERAPEUTICS INC";106002
KWR;116818;"QUAKER CHEMICAL CORP";110001
AKRX;195622;"AKORN INC";106005
CBSH;593216;"COMMERCE BANCSHARES INC /MO/";104002
AAPL;111052;"APPLE INC";101001
TSLA;56317;Tesla;103005
